cust_id,equip_id,equip_notes,created_at,updated_at
8,10,"Serviced gas Furnace 10-8-01
Installed gas valve to eliminate on/off continuously of gas. 10-8-01",05/26/2017,05/26/2017
8,2816,Serviced Air Cleaner 10-8-01,05/26/2017,05/26/2017
9,11,"FIRST FLOOR EQUIPMENT
MFG # P1228303F
PIC # 1204010501",05/26/2017,05/26/2017
9,12,"MFG # P1203910C
PIC #1205010000",05/26/2017,05/26/2017
9,13,"MFG # P1218522C
PIC # 1203010502",05/26/2017,05/26/2017
9,17,"This is a vertical coil.
MFG # P1210102C
PIC # 1205001000",05/26/2017,05/26/2017
9,18,"MFG # P1218522C
PIC # 1203010502",05/26/2017,05/26/2017
9,19,12/19/2015,05/26/2017,05/26/2017
9,20,,05/26/2017,05/26/2017
11,24,"Replaced heat exchanger 11/8/01.
Serviced Furnace 10-31-02",05/26/2017,05/26/2017
11,3017,"Serviced Air Cleaner 11-8-01
Serviced Elec Air Cleaner 10-31-02",05/26/2017,05/26/2017
13,29,"MFG. # P1211004F
PIC # 1204010305",05/26/2017,05/26/2017
13,31,"MFG # P1203910C
PIC # 120501000",05/26/2017,05/26/2017
13,33,"MFG # P1223310C
PIC # 1203010303",05/26/2017,05/26/2017
13,35,16x25x4 Media,05/26/2017,05/26/2017
27,66,Serviced Gas Furnace 10-9-02,05/26/2017,05/26/2017
31,73,Replaced Transformer and board 8-18-95,05/26/2017,05/26/2017
32,76,Serviced Oil Furnace 5-16-02,05/26/2017,05/26/2017
39,104,16x25x4,05/26/2017,05/26/2017
41,113,Serviced 4-5-02,05/26/2017,05/26/2017
41,114,Serviced AC 4-5-02,05/26/2017,05/26/2017
41,3354,Replaced Water Panel and Serviced 4-5-02,05/26/2017,05/26/2017
45,127,Serviced Gas Furnace 11-1-01,05/26/2017,05/26/2017
45,2988,Serviced Humidifier 11-1-01,05/26/2017,05/26/2017
46,129,Serviced AC Unit 10-9-01,05/26/2017,05/26/2017
46,2860,"Serviced Oil Furnace 10-9-01
Replaced Power Switch on side of Furnace 3-19-02
Replaced Oil Burner and Service 3-28-02",05/26/2017,05/26/2017
47,131,"Smell Coming From Furnace, Part Was Ordered. 4-9-02",05/26/2017,05/26/2017
48,134,Serviced Gas Furnace 11-19-01,05/26/2017,05/26/2017
51,142,"Serviced Furnace 10-1-01
Serviced Furnace 10-1-02",05/26/2017,05/26/2017
51,2745,"Cleaned Elec Air Cleaner 10-01-01
Serviced Air Cleaner 10-1-02",05/26/2017,05/26/2017
53,149,A 40 gallon hot water heater,05/26/2017,05/26/2017
53,3109,"Serviced Gas Furnace 12-3-01
Serviced Furnace 11-4-02",05/26/2017,05/26/2017
57,160,"MFG= P1234705F
PIC= 1204010501",05/26/2017,05/26/2017
57,3272,Installed 760 to exsistng duct system with a humidistat 2-14-02,05/26/2017,05/26/2017
65,182,40 gallon Rheem hot water tank (gas),05/26/2017,05/26/2017
67,186,"Serviced Furnace 11-26-01
Serviced Furnace 11-25-02",05/26/2017,05/26/2017
67,187,Fixed Door on Air Cleaner 11-25-02,05/26/2017,05/26/2017
74,198,Serviced Gas Furnace 10-16-01,05/26/2017,05/26/2017
75,199,Serviced Gas Furnace 11-15-01,05/26/2017,05/26/2017
76,200,Serviced AC 9-20-02,05/26/2017,05/26/2017
77,203,Serviced Gas Furnace 10-19-01,05/26/2017,05/26/2017
81,212,Service 4-16-02,05/26/2017,05/26/2017
87,221,Serviced Gas Furnace 1-28-02,05/26/2017,05/26/2017
88,223,Serviced and replaced blower motor & Wheel,05/26/2017,05/26/2017
89,226,Serviced Oil Furnace 11-21-02,05/26/2017,05/26/2017
94,229,Replaced Ignitor and Combustion Fan 2-1-02,05/26/2017,05/26/2017
98,240,Unico System,05/26/2017,05/26/2017
98,241,Unico System,05/26/2017,05/26/2017
98,2858,"Serviced & Cleaned gas Hot Water Furnace, Drain Expansion Tank, Checked Heat Exchanger & Draft, Checked Pump Operation 10-11-01",05/26/2017,05/26/2017
98,3808,Replaced Filter 9-27-02,05/26/2017,05/26/2017
99,3305,Installed AprilAire and Ductwork 3-8-02,05/26/2017,05/26/2017
101,3338,"Control Board, Ignitor, Pressure Switch 3-14-02",05/26/2017,05/26/2017
107,265,Replaced Aprilaire filter $40 9-12-02,05/26/2017,05/26/2017
109,267,"Serviced Gas Furnace 12-4-01
Serviced furnace 9-4-02",05/26/2017,05/26/2017
109,270,Replaced Air Filter 9-4-02,05/26/2017,05/26/2017
110,3244,Serviced humidifier 1-25-02,05/26/2017,05/26/2017
113,282,"Serviced AC. Checked Coil, Oil Motor, Check Charge..Added 3lb 20z. 8-21-01",05/26/2017,05/26/2017
113,2642,"Serviced Humidifier. Oil Motor, Changed #10 Pad 8-21-01",05/26/2017,05/26/2017
121,310,"Serviced  Gas Furnace 10-16-01
Serviced Trane Furnace 10-24-02",05/26/2017,05/26/2017
121,2881,"Serviced Air Cleaner 10-16-01
Serviced Air Cleaner 10-24-02",05/26/2017,05/26/2017
123,316,Serviced AC unit 7-12-02,05/26/2017,05/26/2017
130,340,Serviced Furnace 10-31-01,05/26/2017,05/26/2017
153,397,Repaired Refrigerant leak and added 4.5 LB of R22 8-28-02,05/26/2017,05/26/2017
154,400,Serviced Gas Furnace 10-25-02,05/26/2017,05/26/2017
154,3933,Adjusted Water Panel on Humidifier 10-25-02,05/26/2017,05/26/2017
155,404,Cleaned Elec Air Cleaner 4-22-02,05/26/2017,05/26/2017
160,416,Serviced Gas Furnace 10-2-02,05/26/2017,05/26/2017
161,2807,Part Ordered and Fixed 4-22-02,05/26/2017,05/26/2017
162,2882,Special Order for the fan switch ALSO UPS Charge 10-16-01,05/26/2017,05/26/2017
166,431,Serviced Gas Furnace 12-11-01,05/26/2017,05/26/2017
177,449,Serviced AC 7-26-02,05/26/2017,05/26/2017
177,3611,Service Furnace 7-26-02,05/26/2017,05/26/2017
179,4061,Serviced Gas Furnace 11-12-02,05/26/2017,05/26/2017
181,458,Service to gas furnace 9-20-02,05/26/2017,05/26/2017
184,2883,Serviced furnace 10-18-01,05/26/2017,05/26/2017
187,470,Serviced AC Unit 9-14-01,05/26/2017,05/26/2017
187,2707,Serviced Furnace 9-14-01,05/26/2017,05/26/2017
190,474,"Replaced Igintor, Replaced Blower Wheel 10-26-01",05/26/2017,05/26/2017
190,3474,Serviced Furnace 5-9-02,05/26/2017,05/26/2017
190,3475,Serviced AC Unit 5-9-02,05/26/2017,05/26/2017
197,488,"BOM # 2OO831O2A
MFG # 382511 9617",05/26/2017,05/26/2017
199,497,Replaced contactor 7-10-02,05/26/2017,05/26/2017
202,503,Serviced Oil Furance 10-24-01,05/26/2017,05/26/2017
202,2931,Serviced Air Cleaner 10-24-01,05/26/2017,05/26/2017
202,2932,"Checked Humidifier 10-24-01
Installed 760 AprilAire Humidifier 9-26-02",05/26/2017,05/26/2017
203,1130,"Replaced Flame Sensor   12-21-98
Replaced Flame Sensor _ Diagnostic charge to test sensor  11-7-00
No Heat  12-3-01",05/26/2017,05/26/2017
203,3437,Replaced Gas Valve 5-2-02,05/26/2017,05/26/2017
204,506,"Replaced heat exchanger 2/19/02
Service to gas Furnace 9-19-02",05/26/2017,05/26/2017
204,3785,Service to air cleaner 9-19-02,05/26/2017,05/26/2017
208,517,Serviced Furnace 11-6-02,05/26/2017,05/26/2017
208,2996,Replaced water panel 11-2-01,05/26/2017,05/26/2017
209,519,"Serviced Furnace 10-25-01
No Heat , Replaced Sensor 11-16-01
Replaced Pressure Switch 1-5-02",05/26/2017,05/26/2017
216,533,Serviced Gas Furnace 10-11-02,05/26/2017,05/26/2017
221,3260,"Installed 3"" Flue Liner 2-14-02",05/26/2017,05/26/2017
221,3490,Serviced AC and added 1lb of R-22 6-6-02,05/26/2017,05/26/2017
225,562,16x25 Media,05/26/2017,05/26/2017
225,564,10000 to 20000 btu heater on porch.,05/26/2017,05/26/2017
230,580,Trane Programmable Stat.,05/26/2017,05/26/2017
244,618,Compressor and coils have 10 year.,05/26/2017,05/26/2017
252,634,Serviced AC Unit 9-11-01,05/26/2017,05/26/2017
252,2706,Serviced Rudd Oil Furnance 9-11-01,05/26/2017,05/26/2017
253,636,"Service 10-10-01
Service 11-01
Service 12-01 Service 01/01/02  Service 02/10/02
Service 03/10/02 Service 04/10/02 Service 5-10-02
Service 6/10/02 Service 7/10/02 Service for 8-02, Service for 9-02, Service for 10-02",05/26/2017,05/26/2017
253,637,"Service for September 2001
Service 10-10-01
Service 11-01
Service 12-01  Service 01/01/02  Service 02/10/02
Service 03/10/02 Service 04/10/02 Service 5-10-02
Service 6/10/02 Service 7/10/02 Service for 8-02, Service for 9-02, Service for 10-02",05/26/2017,05/26/2017
253,638,"3- 20x20x2
3-16x20x2
Filters
Service 10-10-01
Service 11-01  Service 12-01  Service 01/01/02  Service 02/10/02 Service 03/10/02 Service 04/10/02 Service 5-10-02 Service 6/10/02 Service 7/10/02 Service for 8-02, Service for 9-02, Service for 10-02",05/26/2017,05/26/2017
253,639,"Replaced Blower Motor 7-19-01 (054141#)
Service 10-10-01
Service 11-01
Service 12-01  Service 01/01/02  Service 02/10/02
Service 03/10/02 Service 04/10/02 Service 5-10-02
Service 6/10/02 Service 7/10/02 Service for 8-02, Service for 9-02, Service for 10-02",05/26/2017,05/26/2017
253,641,"Service for Sept 2001
Service 10-10-01
Service 11-01
Service 12-01 Service 01/01/02  Service 02/10/02
Service 03/10/02 Service 04/10/02 Service 05/10/02
Service 6/10/02 Service 7/10/02 Service for 8-02, Service for 9-02, Service for 10-02",05/26/2017,05/26/2017
253,642,"Service for Sept 2001
Service 10-10-01
Service 11-01
Service 12-01 Service 01/01/02  Service 02/10/02
Service 03/10/02 Service 04/10/02 Service 05/10/02
Service 6/10/02 Service 7/10/02 Service for 8-02, Service for 9-02, Service for 10-02",05/26/2017,05/26/2017
253,643,"2-20x25 filter
Service for Sept 2001
Service 10-10-01
Service 11-01
Service 12-01 Service 01/01/02  Service 02/10/02
Service 03/10/02 Service 04/10/02 Service 05/10/02
Service 6/10/02 Service 7/10/02 Service for 8-02, Service for 9-02, Service for 10-02",05/26/2017,05/26/2017
253,644,"2-16x25
2-20x25
Service for Sept 2001 Service 10-10-01 Service 11-01
Service 12-01 Service 01/01/02  Service 02/10/02
Service 03/10/02 Service 04/10/02 Service 05/10/02 Service 6/10/02 Service 7/10/02 Service for 8-02, Service for 9-02, Service for 10-02",05/26/2017,05/26/2017
253,646,"Computer Room
Invoice for Computer Room Unit 
1 Contactor Relay 8-15-01
Service for Sept 2001
Service 10-10-01
Service 11-01  Service 12-01 Service 01/01/02  Service 02/10/02 Service 03/10/02 Service 04/10/02 Service 05/10/02 Service 6/10/02  Service 7/10/02 Service for 8-02, Service for 9-02, Service for 10-02",05/26/2017,05/26/2017
254,645,Rt 30 Drive Thru,05/26/2017,05/26/2017
254,3461,Replaced In Roftop unit - 5-15-02,05/26/2017,05/26/2017
260,660,40 Gal.,05/26/2017,05/26/2017
262,664,Serviced Furnace 11-21-02,05/26/2017,05/26/2017
262,4046,Serviced Humidifier 11-21-02,05/26/2017,05/26/2017
277,3960,"Replaced Hot Surface Ignitor, cleaned Flame sensor 11-6-02",05/26/2017,05/26/2017
279,705,This is not original unit.  Unit failed on 9/8/05.,05/26/2017,05/26/2017
295,738,Serviced Furnance 9-20-01,05/26/2017,05/26/2017
295,2742,"Serviced Humidifier 9-20-01
Installed Used Model 110 Humidifier 12-6-01",05/26/2017,05/26/2017
301,753,Serviced Heat Pump 4-19-02,05/26/2017,05/26/2017
313,786,"Serviced Furnace 11-20-01
Serviced Furnace 10-22-02",05/26/2017,05/26/2017
313,788,"Serviced Air Cleaner 11-20-01
Serviced Air Cleaner.. Does Not Work, Need to look up Parts 10-22-02",05/26/2017,05/26/2017
321,3163,Installed a power exhaust system for gas furnace 1-3-02,05/26/2017,05/26/2017
326,809,"HP XL1400
Recovered Refrigerant  8-8-01
Replaced Compressor  8-8-01",05/26/2017,05/26/2017
326,810,AH Var.,05/26/2017,05/26/2017
327,813,Only wants to have it serviced every two years.,05/26/2017,05/26/2017
337,3018,Serviced 11-6-01,05/26/2017,05/26/2017
340,3233,Installed Ductwork Also 1-28-02,05/26/2017,05/26/2017
341,844,Replaced Flame Sensor  - 1-15-00,05/26/2017,05/26/2017
342,848,Serviced Oil Furnace 9-18-01,05/26/2017,05/26/2017
344,852,Added 2.5 lbs of refrigerant to system and cleaned coils and Service 6-11-02,05/26/2017,05/26/2017
345,855,"BOM# 20354503A
MFG# 709163",05/26/2017,05/26/2017
346,858,Replaced Igintor & Flame Sensor 12-14-00,05/26/2017,05/26/2017
347,860,Service to furnace 9-24-02,05/26/2017,05/26/2017
347,862,"Replaced Elec Air Cleaner Cell  3-30-98
Replaced Ionizing Wire and Preflter Screen 1-27-99",05/26/2017,05/26/2017
347,3789,Replaced Air Filter 9-24-02,05/26/2017,05/26/2017
348,863,Serviced Gas Furnace 11-11-02,05/26/2017,05/26/2017
351,870,"Replaced Flame Sensor  11-15-99
Replaced Ignitor & Transformer  4-17-01",05/26/2017,05/26/2017
352,7291,Look at the notes section for warranty.,05/26/2017,05/26/2017
356,883,Serviced Furnace 10-8-02,05/26/2017,05/26/2017
356,3826,Replaced Filter 10-8-02,05/26/2017,05/26/2017
359,890,Serviced Furnace 1-24-02,05/26/2017,05/26/2017
362,896,"Serviced Furnace 9-21-01
Serviced Furnace 10-4-02",05/26/2017,05/26/2017
374,923,Serviced Oil Furnace  11-1-01,05/26/2017,05/26/2017
376,930,Rheem 40 Gal--^Yr.,05/26/2017,05/26/2017
382,2813,Serviced Gas Furnace 10-8-01,05/26/2017,05/26/2017
384,941,Serviced Furnace 9-28-01,05/26/2017,05/26/2017
384,2746,Serviced Humidifier 9-28-01,05/26/2017,05/26/2017
386,3790,Clean Elec Air Cleaner 9-19-02,05/26/2017,05/26/2017
386,3791,Check AprilAire and Water panel 9-19-02,05/26/2017,05/26/2017
390,956,"Replaced Ignitor3-8-01
Diagnostic Charge - Due to Combustion fan motor not starting - Cleaned Terminal     Done on 3-8-01",05/26/2017,05/26/2017
391,957,Serviced Furnace 12-6-01,05/26/2017,05/26/2017
392,960,Service Furnace 11-5-02,05/26/2017,05/26/2017
397,974,Service Heat Pump 10-23-02,05/26/2017,05/26/2017
403,983,"2-17-02  Service was done due to no heat
Part was ordered.",05/26/2017,05/26/2017
403,3279,Replaced Light 2-17-02,05/26/2017,05/26/2017
408,997,Service AC 7-19-02,05/26/2017,05/26/2017
414,1007,Serviced Furnace 5-10-02,05/26/2017,05/26/2017
414,1008,Service AC Unit 5-10-02,05/26/2017,05/26/2017
420,10321,10 year parts.,05/26/2017,05/26/2017
427,1035,"Serviced Furnace 10-10-01
Serviced Gas Furnace 10-22-02",05/26/2017,05/26/2017
427,2885,Cleaned Air Cleaner 10-10-01,05/26/2017,05/26/2017
427,4883,"Replaced coil on 6-12-07.  Old model & serial #s are:
Mod # RXC031S3HPC0
Ser # 3124LKD5G",05/26/2017,05/26/2017
431,1042,Serviced Gas Furnace 11-21-02,05/26/2017,05/26/2017
437,1056,Serviced Trane Furnace. 8-3-01,05/26/2017,05/26/2017
437,1057,Installed a current sensing switch for air cleaner 8-3-01,05/26/2017,05/26/2017
437,1058,Serviced Trane Air Cond. Installed a current sensing switch for air cleaner 8-3-01,05/26/2017,05/26/2017
438,1059,"Replaced ignitor  11-29-00
Replaced Drain Trap  1-22-01",05/26/2017,05/26/2017
441,1068,381-357-302,05/26/2017,05/26/2017
442,1069,"Serviced Furnace 9-17-01
Serviced Furnace 9-12-02",05/26/2017,05/26/2017
444,1073,Replaced Ignitor & Flame Sensor on routine service call 1-19-01,05/26/2017,05/26/2017
448,1080,Serviced Furnace 7-10-02,05/26/2017,05/26/2017
448,1081,Service AC unit 7-10-02,05/26/2017,05/26/2017
454,3961,Serviced Furnace 10-16-02,05/26/2017,05/26/2017
457,1105,Serviced Gas Furnace 9-30-01,05/26/2017,05/26/2017
458,1109,Parts No. 381-354-837,05/26/2017,05/26/2017
463,1121,"Replaced hot surface ignitor due to high resistance reading 8-6-99
Replaced pressure switches 10-1-01
Serviced Gas Furnace 11-7-02",05/26/2017,05/26/2017
469,3065,Serviced Humidifier 11-20-01,05/26/2017,05/26/2017
474,1164,Servi ced Humidifier 11-29-01,05/26/2017,05/26/2017
483,1180,Replaced ignitor & falme sensor  1-16-02  No Heat,05/26/2017,05/26/2017
490,1201,Replaced Control  12-31-01,05/26/2017,05/26/2017
497,7071,Waterpanel #35,05/26/2017,05/26/2017
501,1224,No Heat 12-18-99  Tightened the srews on the thermostat..Not making good connection.,05/26/2017,05/26/2017
506,1236,"Service Furnace 7-12-02
Service Furnace 8/7/03",05/26/2017,05/26/2017
508,1243,"Reparied faulty wiring inside  outdoor unit(thermmostat wire)
Diagnostic Charge  4-7-99
Replaced outdoor fan motor 11-26-00
last service call 4-16-02",05/26/2017,05/26/2017
509,1245,Replaced Integrated Control Board  10-5-00,05/26/2017,05/26/2017
527,1280,50 Gal.,05/26/2017,05/26/2017
533,1291,"replaced two pressure switches  11-3-99
replaced pressure switch 12-13-00",05/26/2017,05/26/2017
540,2743,Serviced Humidifier 9-25-01,05/26/2017,05/26/2017
540,11800,"HML80C, .5, 1/2HP, DD",05/26/2017,05/26/2017
541,1309,Replaced Switch  4-11-01,05/26/2017,05/26/2017
552,1338,Service and Replaced Hot Surface Ignitor 3-18-02,05/26/2017,05/26/2017
555,1344,Charged AC with 2 1/2 pounds of R-22. 6-6-02,05/26/2017,05/26/2017
556,1347,Serviced Gas Furnace 11-25-02,05/26/2017,05/26/2017
561,1360,Changed Hot Surface Ignitor  1-7-99  (N o Heat),05/26/2017,05/26/2017
563,1372,Serviced Gas Furnace 11-26-01,05/26/2017,05/26/2017
564,1373,"Replaced Igintor 7-12-00  (No Heat)
No Heat  1-16-02",05/26/2017,05/26/2017
564,1375,"Added 2 1/2 lbs of Refrigerant and Service 6-11-02
Repaired Leak in outdoor motor and evacuated system, added 5.5 lbs refrigerant to system and service 6-25-02",05/26/2017,05/26/2017
566,1379,Serviced Air Cleaner 11-16-01,05/26/2017,05/26/2017
566,4018,"AFG  Serial # 021216-45424
RH1302 (Rheem number)
NL42XN nozzle tube assembly",05/26/2017,05/26/2017
569,1385,"No AC, the thermostat was set wrong 6-6-02",05/26/2017,05/26/2017
578,1406,"No AC, ac breaker was off, switched breaker back on and it blow up the surge protector. 6-1-02",05/26/2017,05/26/2017
579,1408,Replaced Control Board  12-28-01,05/26/2017,05/26/2017
583,1423,Invoice with just the date  12-25-01,05/26/2017,05/26/2017
583,1424,Replaced Crankcase Heater 6-12-00,05/26/2017,05/26/2017
584,1425,Cleaned & Serviced Gas Furnace 10-20-01,05/26/2017,05/26/2017
585,1426,Replaced heat exchanger 9-22-00,05/26/2017,05/26/2017
591,1440,"Replaced Gas Valve 2-20-98
Replaced Ignitor 3-21-98",05/26/2017,05/26/2017
594,1446,Serviced Heat Pump 11-27-01,05/26/2017,05/26/2017
594,1448,Inserted 1/2 Copper dip tube due to original breaking off 12-19-01,05/26/2017,05/26/2017
595,1454,Service AC and fixed wires 6-27-02,05/26/2017,05/26/2017
600,3440,Replaced Voltage Fuse 5-6-02,05/26/2017,05/26/2017
607,1477,6 years,05/26/2017,05/26/2017
609,1479,"Replaced Flame Sensor  12-11-01
Replaced Flame Sensor  1-6-01",05/26/2017,05/26/2017
611,1481,"Serviced Furnace 10-2-01
Serviced Furnace 9-16-02",05/26/2017,05/26/2017
611,3747,Serviced Humidifier 9-16-02,05/26/2017,05/26/2017
613,1487,"Replaced Var. Combustion Fan  10-8-00
Diagnostic Charge  10-8-00
Replaced Variable Speed Exhaust Fan  11-27-00",05/26/2017,05/26/2017
616,1497,"MFG  P1227606F
PIC   1204010402",05/26/2017,05/26/2017
628,1533,Serviced AC 7-22-02,05/26/2017,05/26/2017
628,1534,"Serviced Furnace , replaced Air Filter 7-22-02",05/26/2017,05/26/2017
631,3824,Replaced Air Filter 9-27-02,05/26/2017,05/26/2017
632,1544,"KW  20.00KW
Voltage:40V/1P

Original install: Model #WUN2002R  Serial: #76403-008-003",05/26/2017,05/26/2017
635,1549,Installed a variflow fan control to furnace 7-31-02,05/26/2017,05/26/2017
644,1574,Rental on 6th and Spruce,05/26/2017,05/26/2017
653,1594,"Serviced Furnace 9-26-01
Serviced Furnace 9-20-02",05/26/2017,05/26/2017
656,1599,Serviced and Replaced Ignitor and Flame Sensor 3-29-02,05/26/2017,05/26/2017
662,1615,"Replaced Hot Surface Ignitor  11-16-99
Serviced Furnace 10-29-01
Serviced Furnace 11-5-02",05/26/2017,05/26/2017
662,3962,Cleaned Air Filters 11-5-02,05/26/2017,05/26/2017
665,1622,"Serviced Gas Furnace 10-23-01Serviced Furnace 10-17-02
Replaced Flame sensor on furnace 10-18-02",05/26/2017,05/26/2017
671,11098,"Product # C7226512-12400

Warranty:
12 year heat exchanger
5 year parts",05/26/2017,05/26/2017
674,1651,Replaced Flame Sensor 2-13-01,05/26/2017,05/26/2017
677,1664,MFG# P1228305F,05/26/2017,05/26/2017
682,1675,"MFG# 366644  9533
BOM#20083102A
Replaced Oil Burner, Serviced Oil Furnace 9-21-01",05/26/2017,05/26/2017
683,1680,UPSTAIRS,05/26/2017,05/26/2017
683,1681,UPSTAIRS,05/26/2017,05/26/2017
683,1683,Downstairs,05/26/2017,05/26/2017
683,1684,Downstairs,05/26/2017,05/26/2017
683,1685,Downstairs,05/26/2017,05/26/2017
683,1686,Upstairs,05/26/2017,05/26/2017
683,1687,Upstairs,05/26/2017,05/26/2017
683,1688,Upstairs,05/26/2017,05/26/2017
683,1689,Upstairs,05/26/2017,05/26/2017
684,1693,Serviced Furnace 11-16-01,05/26/2017,05/26/2017
685,1694,Service Furnace 10-21-02,05/26/2017,05/26/2017
687,1699,Serviced Gas Furnace 10-14-02,05/26/2017,05/26/2017
687,1701,Rental was on card beside this equip. 11-19-1993,05/26/2017,05/26/2017
688,1702,"72619   14572
Parts No 318-357-309",05/26/2017,05/26/2017
690,1708,Serviced Gas Furnace 2-3-02,05/26/2017,05/26/2017
693,1714,Serviced Gas Furnace 4-4-02,05/26/2017,05/26/2017
693,1715,Serviced AC 4-4-02,05/26/2017,05/26/2017
696,1723,"Replace Blower Motro, Cap and serviced furnace  8-3-01
Serviced Furnace 11-12-02",05/26/2017,05/26/2017
696,1724,Serviced AC 8-3-01,05/26/2017,05/26/2017
701,1739,Replaced Integrated Board & Ignitor   6-17-02,05/26/2017,05/26/2017
704,1744,Service Furnace 3-11-02,05/26/2017,05/26/2017
704,1746,"NO AC , Contractor was not working 6-10-02",05/26/2017,05/26/2017
705,1748,"Replaced Ignitor   1-5-00
Replaced Sensor   1-5-00",05/26/2017,05/26/2017
706,1753,Service AC 7-10-02,05/26/2017,05/26/2017
712,1773,"Product Number:
MFG P1234705F",05/26/2017,05/26/2017
717,1783,"Added 2.5LBS Refrigerant 9-5-02
Serviced 9-5-02",05/26/2017,05/26/2017
717,1784,Rental,05/26/2017,05/26/2017
717,1786,Toni Fiume,05/26/2017,05/26/2017
717,5821,For Finch Turf office area.,05/26/2017,05/26/2017
717,6967,"For Electri-Kote
Part # 386-700-831",05/26/2017,05/26/2017
720,1792,"Diagnostic with Solve nosie complaint, noise due to main blower Fluctations. Repaired by adjusting bracket assembly.  11-16-98",05/26/2017,05/26/2017
721,1795,"No Heat   2-28-02
Blow Motor, Blower Wheel, Capacitor 5MFD was ordered",05/26/2017,05/26/2017
724,1805,We Did'nt install Shuster's House (this is on the card0,05/26/2017,05/26/2017
734,3964,Serviced Oil Furnace 11-4-02,05/26/2017,05/26/2017
736,1837,Upstairs,05/26/2017,05/26/2017
736,1838,Downstairs,05/26/2017,05/26/2017
741,1859,"42"" High
22"" Wide
51 1/2"" Deep",05/26/2017,05/26/2017
742,1860,Reconnect used  Tin G.E. air conditioner office complex for lighting rep.,05/26/2017,05/26/2017
742,1861,Kit Ordered,05/26/2017,05/26/2017
745,10595,"This coil is currently installed at his home.  Problem is that Robertson gave us the wrong coil for this unit which is not a matched coil.  We received the right coil after trying to register this system.  Tom Fogel, Robertson, ordered the right coil and it was delivered and it is in the garage for future use.",05/26/2017,05/26/2017
745,10633,This coil is the matched coil that should be in the unit.  The idea is to keep this coil until needed should something break down.  This coil is marked and in the garage.,05/26/2017,05/26/2017
750,8834,Product # P9885217C,05/26/2017,05/26/2017
755,2744,"No Heat, Removed Bird from motor 9-26-01.",05/26/2017,05/26/2017
760,1906,Serviced Heat Pump 5-8-02,05/26/2017,05/26/2017
772,2747,"Serviced Furnace 10-02-01
Serviced Furnace 9-25-02",05/26/2017,05/26/2017
777,1943,Replaced  Ignitor & Flame Sensor  2-13-01,05/26/2017,05/26/2017
779,1949,1st Floor,05/26/2017,05/26/2017
779,1950,1st Floor,05/26/2017,05/26/2017
779,1951,1st Floor,05/26/2017,05/26/2017
779,1952,2nd Floor,05/26/2017,05/26/2017
779,1953,2nd Floor,05/26/2017,05/26/2017
779,10310,Top Floor Unit.,05/26/2017,05/26/2017
780,1954,"Serviced Furnace 9-18-01
Serviced Furnace 9-13-02",05/26/2017,05/26/2017
780,3740,Changed Water Panel 9-13-02,05/26/2017,05/26/2017
786,1968,serviced 7-1-02,05/26/2017,05/26/2017
787,1969,"Replaced Ignitor  1-20-98
Replaced Combustion Fan  9-22-99",05/26/2017,05/26/2017
794,1987,Replaced two terminals for AC Unit 8-5-02,05/26/2017,05/26/2017
794,1988,Replaced Dower supply board & transformer  12-29-97,05/26/2017,05/26/2017
805,2032,Serviced gas furnace 11-29-01,05/26/2017,05/26/2017
808,2041,Serviced Heat Pump 2-15-02,05/26/2017,05/26/2017
811,2048,Warranty Work on AC unit 9-13-02,05/26/2017,05/26/2017
811,3741,Serviced Oil Furnace 9-13-02,05/26/2017,05/26/2017
814,2055,"Replaced Variable Speed Control Board  2-15-00
Dianostic Charge",05/26/2017,05/26/2017
814,3134,The invoice at the bottom says spec house,05/26/2017,05/26/2017
814,3135,The invoice at the bottom says spec house,05/26/2017,05/26/2017
814,3136,The invoice at the bottom says spec house,05/26/2017,05/26/2017
816,2061,Serviced Furnace 2-15-02,05/26/2017,05/26/2017
816,11526,Needs filter replacement ACCGSFHP2  $156  Customer charge $250 (1.56 multiplier)                                       Robertson #108512,05/26/2017,05/26/2017
823,2082,Replaced Flame Sensor 1-10-02,05/26/2017,05/26/2017
841,2124,No Air Conditioning  6-24-00,05/26/2017,05/26/2017
841,2125,"Replaced Pressure Switch 1-20-00
Dianosic Charge(had to test and run through serveral cycles to isolate problem) 1-20-00",05/26/2017,05/26/2017
851,2146,Serviced Gas Furnace 11-5-01,05/26/2017,05/26/2017
853,2149,Serviced Frunace 10-19-01,05/26/2017,05/26/2017
853,2150,5 Years,05/26/2017,05/26/2017
854,2154,"Replaced Component Board 1-6-99
Replaced Hot Surface Ignitor
Dianostic Chrage 2-21-00",05/26/2017,05/26/2017
858,2161,"381-357-312 Parts No
Cga-7PIDN",05/26/2017,05/26/2017
860,3307,Relit Pilot onGas Furnace 3-10-02,05/26/2017,05/26/2017
862,2171,"Replaced Ignitor during a service maintence call 6-7-99
Replaced motor 1-5-00",05/26/2017,05/26/2017
868,2189,replaced Sensor 11-8-01,05/26/2017,05/26/2017
873,2200,Serviced Furnace 5-1-02,05/26/2017,05/26/2017
873,2202,Serviced AC Unit 5-1-02,05/26/2017,05/26/2017
873,3438,Serviced humidifier 5-1-02,05/26/2017,05/26/2017
875,2206,Serviced Gas Furnance 11-11-02,05/26/2017,05/26/2017
875,3965,Serviced Gas Furnace 11-11-02,05/26/2017,05/26/2017
882,2217,Seviced Gas Furnace 11-25-02,05/26/2017,05/26/2017
890,2233,"Serviced Furnace 12-3-01
Serviced Furnace 11-26-02",05/26/2017,05/26/2017
893,3137,"Replaced switch for furnace, replaced thermocoouple 12-6-01",05/26/2017,05/26/2017
900,2259,Replaced Flame Sensor and Iginitor 3-27-02,05/26/2017,05/26/2017
901,2262,Replaced Loose Ground Wire in furnace which wolud cause furnace to run intermittantly,05/26/2017,05/26/2017
903,2267,Serviced gas Furnace 11-4-02,05/26/2017,05/26/2017
906,3911,Cleaned Blower Wheels-NO HEAT 10-31-02,05/26/2017,05/26/2017
910,2288,Service was done and part was ordered;however does not specify on what was done.,05/26/2017,05/26/2017
913,2297,Service Gas Furnace 9-23-02,05/26/2017,05/26/2017
913,3794,Service to humidifier 9-23-02,05/26/2017,05/26/2017
915,2305,Installed Heat Exchanger 3-13-02,05/26/2017,05/26/2017
918,2317,"Beckett Burner
AFG
AF47YHHS
F3 head
Serial 941101-97773",05/26/2017,05/26/2017
922,2329,Ignitor  11-20-01 no heat,05/26/2017,05/26/2017
927,2340,"Replaced Variable Speed Control  1-14-02
Replaced Variable Speed Motor 1-14-02",05/26/2017,05/26/2017
935,2356,"Replaced Gas Valve 2-25-99
Diagnostic Charge 2-25-99
His warranty was for 5 years and then he added an extra year.",05/26/2017,05/26/2017
936,2358,Ignitor & Flame Sensor  3-6-02,05/26/2017,05/26/2017
938,2361,Ignitor  12-11-01,05/26/2017,05/26/2017
944,2376,"Replaced Ignitor on Trane Furnace and Serviced 10-27-01
Serviced Furnace 11-1-02",05/26/2017,05/26/2017
944,3580,Replaced subbase on thermostat 7-19-02,05/26/2017,05/26/2017
954,2405,"Serviced Furnace 10-1-01
Serviced Furnace 9-30-02",05/26/2017,05/26/2017
956,2409,"the date is the MFG. Date however it was istalled 7-3-98 by Millwood Air Conditioning
RD1 BOX 38A
Derry, PA 15627  724-694-8079",05/26/2017,05/26/2017
962,2888,Serviced Oil Furance 10-16-01,05/26/2017,05/26/2017
968,2437,Parts No# 381-354-863,05/26/2017,05/26/2017
972,2442,"Replaced Direct Drive Blower, Diagnostic Charge Due to Limit Being Open(Thinking this was the problem)  12-28-99",05/26/2017,05/26/2017
973,2445,Replace Ignitor  5-23-00,05/26/2017,05/26/2017
975,2451,Serviced Furnace 4-15-02,05/26/2017,05/26/2017
976,2454,"BOM# 20354502A
MFG# 7-3700 9638",05/26/2017,05/26/2017
980,3293,"Serviced Oil Furnace, Replaced Oil Burner, Oil Nozzle, & Oil Filter 2-28-02",05/26/2017,05/26/2017
984,2470,Replaced Flame Sensor  1-11-01,05/26/2017,05/26/2017
988,2485,Replaced Integrated Control 3-28-02,05/26/2017,05/26/2017
996,2507,"AprilAire by pass humidifier
Serviced Oil Furnace 10-4-01
Serviced Oil Furnace 3-22-02
Changed Heat Exchanger 4-5-02",05/26/2017,05/26/2017
997,2508,Index Cards Says 40 Gal Gas 6 Year Warranty,05/26/2017,05/26/2017
1000,2515,Clean Air Cleaner 8-13-01,05/26/2017,05/26/2017
1002,2517,"Replaced Combustion Motor, Diagnosed fan was bad  11-28-01",05/26/2017,05/26/2017
1008,2814,"Serviced Air Cleaner 10-3-01
Serviced Acleaner 10-8-02",05/26/2017,05/26/2017
1008,2815,"Serviced Gas Furnace 10-3-01
Serviced Acleaner 10-8-02",05/26/2017,05/26/2017
1010,3283,Serviced Gas Furnace 2-20-02,05/26/2017,05/26/2017
1014,3112,Serviced Hot Water Furnace 12-4-01,05/26/2017,05/26/2017
1023,2561,Replaced Crankcase Heater 7-4-02,05/26/2017,05/26/2017
1031,2740,"Serviced Furnace 9-27-01
Serviced Furnace 10-7-02",05/26/2017,05/26/2017
1031,2741,Serviced Humidifer 9-27-01,05/26/2017,05/26/2017
1032,2578,Janitrol,05/26/2017,05/26/2017
1035,2582,Clean & Serviced AC Unit 9-6-01,05/26/2017,05/26/2017
1035,2704,Clean & Serviced AC Unit 9-6-01,05/26/2017,05/26/2017
1035,2705,Clean & Serviced AC Unit 9-6-01,05/26/2017,05/26/2017
1035,3016,For Shine Bay and Upstairs Furnace 10-30-01,05/26/2017,05/26/2017
1048,2604,"MFG NO# P1204102C
PIC NO# 1205030000",05/26/2017,05/26/2017
1048,2605,"MODEL NO P1218522C
PIC NO 1203010502",05/26/2017,05/26/2017
1051,2612,"Clean Burners and flame sensors. Inspect heat exchanger. Check wiring, blower motor, flu pipe, humidifier, water panel.",05/26/2017,05/26/2017
1051,2613,Clean Elec Air Cleaner 8-1-01,05/26/2017,05/26/2017
1051,2614,"Check Coils, wiring, oil motor, refrigerant pressure and temperature 8-1-01",05/26/2017,05/26/2017
1054,2615,"Installed this system to exsiting oil furnace, includes cement pad wiring thermostat coil and tubing plus fan center",05/26/2017,05/26/2017
1056,2616,"Replaced Blower Motor, Blower wheel. Add 2.5 lbs of Freon#22   7-31-01",05/26/2017,05/26/2017
1057,3534,Service AC 6-24-02,05/26/2017,05/26/2017
1057,3535,Service Air Cleaner  6-24-02,05/26/2017,05/26/2017
1058,2915,"Added 3.5lbs R-22 Refrigerant to A/C system. Checked temps and pressures. 
7-26-01",05/26/2017,05/26/2017
1059,3222,Checked Operation of AC 6-13-01,05/26/2017,05/26/2017
1059,3223,"Cleaned Air Filters 6-13-01
Cleaned Air Filters on Rooftop Unit 1-16-02",05/26/2017,05/26/2017
1061,2617,"Service to Furnace, Add 1lb. Of refrig. To AC System, Check pressures&Temps&outdoor Coils. Adjust pilot light. Run system through heating & cooling cycle 8-1-01",05/26/2017,05/26/2017
1066,2619,"2-3/4 x 3/4 fittings
2-3/4 Unions",05/26/2017,05/26/2017
1070,2918,Serviced Gas Furnace 10-17-01,05/26/2017,05/26/2017
1072,2622,A/C not working found problem in thermostat. Replaced thermostat. 7-17-01,05/26/2017,05/26/2017
1073,2623,"Added 5lbs. Refrigerant to newer system, checked coils, filters, pressures & temps. Thawed system before checking. 6-12-01",05/26/2017,05/26/2017
1076,2624,Service to furnace 7-23-01,05/26/2017,05/26/2017
1083,2631,"Serviced furnace 8-8-01
Serviced Furnace 7-3-02",05/26/2017,05/26/2017
1083,2632,"Serviced Air Conditioner 8-8-01
Serviced AC Unit 7-3-02",05/26/2017,05/26/2017
1084,2633,Serviced Furnace 8-8-01,05/26/2017,05/26/2017
1084,2634,Serviced A/C 8-8-01,05/26/2017,05/26/2017
1084,2635,Cleaned Acleaner 8-8-01,05/26/2017,05/26/2017
1086,2636,"Checked Outdoor Coils, motor, wiring, refrigerant, pressures, and temps. Cleaned Drain for indoor coil, added rubber coupling to drain. Ran System through cooling cycle 8-10-01",05/26/2017,05/26/2017
1087,2637,"Serviced AC, Replaced TXV Expansion Valve, Add 1lb of Freon #22. Cleaned Outdoor Coil, Oil Outdoor Motor, Check Registers. 8-6-01",05/26/2017,05/26/2017
1088,2638,Serviced AC Unit 8-9-01,05/26/2017,05/26/2017
1090,2639,"Serviced Outdoor AC. Cleaned outdoor coils. Checked elec contacts, relays, refrigerant, & pressures. Replaced Air Filters 7-16-01",05/26/2017,05/26/2017
1092,2641,"Serviced AC. Cleaned Outdoor Coils, contacts on Thermostat and reconnecteed loose wire in control box at furnace. 8-10-01",05/26/2017,05/26/2017
1094,2643,"Serviced Heat Pump, Cleaned indoor coils and indoor.outdoor motors. Checked Elec Wiring, Monitored teps and pressures. 8-16-01",05/26/2017,05/26/2017
1094,2644,Serviced Elec Air Cleaner 8-16-01,05/26/2017,05/26/2017
1096,2645,"Replaced Crankcase heater due to shorting out. Added 1lb of refriegerant to system. Checked Temps, & pressures 8-14-01",05/26/2017,05/26/2017
1098,2649,"Serviced Furnace. Cleaned burners, & Thermocouple. Checked Heat exchanger, oil motor, & blower 8-23-01
Service to gas furnace 9-23-02",05/26/2017,05/26/2017
1098,2650,"Replaced the filter 8-23-01
Replaced Air Filter 9-23-02",05/26/2017,05/26/2017
1099,2651,"Cleaned Outdoor Coils, Oiled Motor. Checked Pressures & Temps Indoor&Outdoor 8-16-01
Checked AC Unit 9-19-01",05/26/2017,05/26/2017
1100,2652,Added 1lb Refrigerant to AC System and serviced it. 8-15-01,05/26/2017,05/26/2017
1103,2653,"Serviced Furnace
Ran thru Heating cycle 8-17-01
Serviced Furnace 8-29-02",05/26/2017,05/26/2017
1103,2654,"Serviced AC and ran thru cooling cycle 8-17-01
Serviced AC unit 8-29-02",05/26/2017,05/26/2017
1103,2655,"Cheked Humidifier 8-17-01
Serviced Humidifier 8-29-02",05/26/2017,05/26/2017
1103,2656,Replaced Air Cleaner 8-29-02,05/26/2017,05/26/2017
1104,2657,Replaced Blower Control board 8-16-01,05/26/2017,05/26/2017
1110,2659,"Service to AC System. Cleaned Outdoor Unit, coils, indoor coils, indoor blower. Checked pressures and temps. 8-9-01",05/26/2017,05/26/2017
1111,2660,"Serviced Furnace, replaced oil nozzle, & oil Filter 8-22-01
Serviced Furnace 9-18-02",05/26/2017,05/26/2017
1111,2661,Serviced Elec Air Cleaner 8-22-01,05/26/2017,05/26/2017
1113,3538,Service Air Cleaner 6-18-02,05/26/2017,05/26/2017
1113,3539,Service AC 6-18-02,05/26/2017,05/26/2017
1114,2667,"Charged AC Unit with 2lb 8-27-01
Service 4-18-02",05/26/2017,05/26/2017
1115,2668,Repair Drain on AC Unit 8-27-01,05/26/2017,05/26/2017
1116,2669,"Service to Heil Gas Furnace 8-28-01
Serviced 10-11-02",05/26/2017,05/26/2017
1117,2670,"Replaced Oil Filters, Nozzles. Checked Blower Wheel. 8-24-01",05/26/2017,05/26/2017
1120,2674,"Repair to Roof Top AC Unit 8-27-01
Replaced Blower Belt, Checked Thermostat",05/26/2017,05/26/2017
1121,2677,Serviced Elec. Air Cleaner 9-4-01,05/26/2017,05/26/2017
1122,2678,"Added 1lb og Refrigerant 9-04-01
Replaced Outdoor fan and Serviced 9-4-01",05/26/2017,05/26/2017
1123,2679,Serviced Furnace 9-4-01,05/26/2017,05/26/2017
1125,2681,"Serviced Gas Furnace, Repair Duct Work 9-5-01",05/26/2017,05/26/2017
1126,2683,"Serviced Furnace 9-4-01
Serviced furnace 9-20-02",05/26/2017,05/26/2017
1126,3224,Cleaned Air Cleaner 1-21-02,05/26/2017,05/26/2017
1128,2685,Serviced Gas Boiler 9-7-01,05/26/2017,05/26/2017
1128,3786,Service to hot water furnace 9-23-02,05/26/2017,05/26/2017
1129,2686,Serviced Gas Furnace 8-3-01,05/26/2017,05/26/2017
1130,2688,Serviced Furnace 9-7-01,05/26/2017,05/26/2017
1130,2690,Serviced AC 9-7-01,05/26/2017,05/26/2017
1131,2691,"Serviced Furnace 9-6-01
Serviced Furnace 9-10-02",05/26/2017,05/26/2017
1131,2692,Serviced AC Unit 9-6-01,05/26/2017,05/26/2017
1133,2694,Serviced AC 9-7-01,05/26/2017,05/26/2017
1134,2696,Serviced AC 9-10-01,05/26/2017,05/26/2017
1136,2699,Serviced Furnace 9-10-01,05/26/2017,05/26/2017
1137,2700,"AC was freezing up, charged with 2lb of R22 and checked operctior 9-5-01",05/26/2017,05/26/2017
1138,2701,"Cleaned Drain Line, Replaced 30 AMP screw type fuse for AC Unit 9-10-01",05/26/2017,05/26/2017
1138,2708,"Replaced Blower Motor 9-11-01
Serviced Gas Furnace 9-27-02",05/26/2017,05/26/2017
1139,2702,Checked Heat Pump system due to overflow leaking. Checked blower wheel 9-10-01,05/26/2017,05/26/2017
1139,2703,Cleaned Coils Indoor 9-10-01,05/26/2017,05/26/2017
1142,3487,Added 2lbs of Refrigerant and Service 6-12-02,05/26/2017,05/26/2017
1143,2712,Service To Furnace 9-11-01. Ran System through a fan mode to check airflow.,05/26/2017,05/26/2017
1144,2713,Serviced Furnace 9-13-01,05/26/2017,05/26/2017
1146,2715,"Serviced Furnace 9-13-01
Serviced Furnace 9-17-02",05/26/2017,05/26/2017
1146,2716,"Serviced Air Cleaner 9-13-01
Serviced Acleaner 9-17-02",05/26/2017,05/26/2017
1147,2717,"Serviced Oil Furnance 9-13-01
Serviced Furnace 9-17-02",05/26/2017,05/26/2017
1147,3745,Serviced Air Cleaner 9-17-02,05/26/2017,05/26/2017
1147,3746,Serviced Humidifier 9-17-02,05/26/2017,05/26/2017
1148,2718,Serviced AC Unit 9-13-01,05/26/2017,05/26/2017
1151,2721,Serviced Heat Pump 9-14-01,05/26/2017,05/26/2017
1153,2726,"Replaced Heat Exchanger in furnace 9-18-01
Replaced Burner Lighting Tube 2-6-02",05/26/2017,05/26/2017
1153,3245,Installed Air Cleaner with Duct Modifications 2-6-02,05/26/2017,05/26/2017
1155,2729,"Serviced Furnace 9-14-01
Serviced Furnace 9-18-02",05/26/2017,05/26/2017
1155,2730,Serviced Humidifer 9-18-02,05/26/2017,05/26/2017
1155,2731,Washed Elec Air Cleaner  9-14-01,05/26/2017,05/26/2017
1155,3744,Serviced AC unit 9-18-02,05/26/2017,05/26/2017
1157,2732,"Serviced furnace 9-17-01
Serviced Gas Furnace 10-15-02",05/26/2017,05/26/2017
1158,2733,Replaced Oil Pump Motor. 9-17-01,05/26/2017,05/26/2017
1160,2735,"Serviced Hot Water Furnace 9-17-01
Serviced 9-24-02",05/26/2017,05/26/2017
1162,2738,"Serviced Oil Furnace 9-14-01
Serviced Oil Furnace 10-15-02",05/26/2017,05/26/2017
1165,2757,"Serviced Furnace 9-18-01
Serviced Air Cleaner 9-18-01",05/26/2017,05/26/2017
1165,3578,Replaced Light in Air Cleaner and Serviced 7-23-02,05/26/2017,05/26/2017
1165,3579,"Serviced AC 7-23-02
Replaced Heater for Compressor 7-31-02",05/26/2017,05/26/2017
1166,2758,Serviced Furance 9-18-01,05/26/2017,05/26/2017
1167,2759,"Serviced Furnace 9-19-01
Serviced Furnace 9-20-02",05/26/2017,05/26/2017
1168,2760,Serviced AC Unit 9-20-01,05/26/2017,05/26/2017
1169,2761,"Serviced Oil Furnace 9-21-01
Serviced Oil Furnace 9-23-02",05/26/2017,05/26/2017
1170,2762,"Serviced Furnace 9-21-01
Serviced Furnace 9-24-02",05/26/2017,05/26/2017
1172,2763,Repaired Thoermostat Wire 9-26-01,05/26/2017,05/26/2017
1173,2764,"Serviced Furnace 9-27-01
Serviced and Replaced Thermocouple on gas Furanace 
3-25-02
Serviced Furnace 10-28-02",05/26/2017,05/26/2017
1174,2765,"Serviced Furnace 9-27-01
Replaced Comb Fan and Service 2-5-02
Serviced Furnace 10-19-02",05/26/2017,05/26/2017
1175,2766,"Service to hot water boiler -Replaced twater feeder pressure reducing valve, Replaced 2 bleed Valves 9-27-01",05/26/2017,05/26/2017
1177,2768,"Serviced Oil Funace, Inspect Heat Exchanger, Install 100' of 3/8"" copper for supply & Return Oil Lines 9-25-01",05/26/2017,05/26/2017
1178,2769,"Serviced, and Leveled 9-25-01",05/26/2017,05/26/2017
1181,2772,Serviced Oil Frunace 9-26-01,05/26/2017,05/26/2017
1181,3632,Spliced wire back together and added 1 LB of R-22 8-6-02,05/26/2017,05/26/2017
1182,2773,"FOR DAYCARE MODULAR UNIT AIR CONDITIONERS
Replaced blower unit in #3unit with #2's blower unit due to the #2's AC not functioning. Replaced Burnt Compressor Wire and Serviced Units. 9-13-01",05/26/2017,05/26/2017
1182,7779,UL File No. SA9951,05/26/2017,05/26/2017
1183,2774,"7 Day Programmable Thermostat and Serviced 11-3-00
7 Day Programmable Thermostat 5-17-01",05/26/2017,05/26/2017
1183,8908,"Manu # NPAB150N2HA
Style # PAA150N2H
Manufacture date 7/94",05/26/2017,05/26/2017
1184,2775,Serviced Furnace 9-25-01,05/26/2017,05/26/2017
1185,2776,"Serviced Gas Furnace 9-25-01
Serviced Furnace 9-27-02",05/26/2017,05/26/2017
1186,11435,Had Trane XL1200 Air Conditioner: Had fan problems in 02 and 04.,05/26/2017,05/26/2017
1186,11437,2001-2010 had previous Oil Furnace listed and serviced every year.,05/26/2017,05/26/2017
1188,2779,Serviced Gas Furnace 9-24-101,05/26/2017,05/26/2017
1189,2780,"Serviced Oil Furnace 9-25-01
Serviced Furnace 9-9-02",05/26/2017,05/26/2017
1189,3729,Serviced Air Cleaner 9-9-02,05/26/2017,05/26/2017
1191,2781,Serviced Gas Boiler Furnace 9-25-01,05/26/2017,05/26/2017
1192,2782,Serviced Gas Frunace 9-27-01,05/26/2017,05/26/2017
1192,2783,Serviced Air Cleaner 9-27-01,05/26/2017,05/26/2017
1192,2784,"Serviced Humidifier, replaced panel 9-27-01",05/26/2017,05/26/2017
1193,2785,Serviced Oil Furnace 9-25-01,05/26/2017,05/26/2017
1194,2786,"Serviced Gas Furnace, Repair to main burners. 9-26-01",05/26/2017,05/26/2017
1195,2788,Serviced Oil Furnace 9-28-01,05/26/2017,05/26/2017
1195,2789,Installed this thermostat that customer bought 9-28-01,05/26/2017,05/26/2017
1197,2791,"Serviced 2 Heat Pump Units. 9-26-01
Serviced 3-18-02",05/26/2017,05/26/2017
1197,2792,Seviced Oil Furnace 9-26-01,05/26/2017,05/26/2017
1197,2793,Checked Humidifier 9-26-01,05/26/2017,05/26/2017
1198,2794,Serviced Gas Furnace 10-02-01,05/26/2017,05/26/2017
1199,2796,"Unit for the sanctuary 
Serviced 8-27-01",05/26/2017,05/26/2017
1201,2800,Serviced Gas Frunace 10-1-01,05/26/2017,05/26/2017
1202,2802,"Serviced gas Furnace 10-02-01
Serviced Furnace 10-28-02",05/26/2017,05/26/2017
1205,2818,"Serviced Hot Water Boiler 10-5-01
Lubricated Seized Bearing on Boiler Pump Motor and Service 3-9-02",05/26/2017,05/26/2017
1206,2819,Serviced Gas Furnace 10-3-01,05/26/2017,05/26/2017
1207,3625,Service Furnace 8-1-02,05/26/2017,05/26/2017
1207,3626,Service AC unit 8-1-02,05/26/2017,05/26/2017
1207,3627,Service Air Cleaner 8-1-02,05/26/2017,05/26/2017
1209,2821,"Serviced Gas Furnace 10-5-01
Serviced furnace 9-25-02",05/26/2017,05/26/2017
1210,2822,Serviced Oil Furnace 9--28-01,05/26/2017,05/26/2017
1211,2824,"Serviced Oil Furnace 10-5-01
Serviced Furnace 10-24-02",05/26/2017,05/26/2017
1214,2884,Serviced Furnace 10-16-01,05/26/2017,05/26/2017
1216,2850,Serviced gas Furnace 10-8-01,05/26/2017,05/26/2017
1218,2856,"Serviced Gas Furnace 10-3-01
Serviced Furnace 9-30-02",05/26/2017,05/26/2017
1218,3811,Serviced AC 9-30-02,05/26/2017,05/26/2017
1219,2857,Serviced Gas Furnace 10-8-01,05/26/2017,05/26/2017
1221,2861,Serviced Rheem Gas Furnace 10-10-01,05/26/2017,05/26/2017
1221,6151,70059105,05/26/2017,05/26/2017
1223,2864,Serviced Gas Furnace 10-12-01,05/26/2017,05/26/2017
1224,2865,Serviced Furnace 6-10-01,05/26/2017,05/26/2017
1224,2866,Serviced AC Unit 6-10-01,05/26/2017,05/26/2017
1226,3052,Serviced Gas Furance 11-14-01,05/26/2017,05/26/2017
1227,2868,Serviced Gsa Furnace 10-9-01,05/26/2017,05/26/2017
1229,2872,"Serviced  10-9-01, checked heat Exchanger, Cleaned Flame Sensor.",05/26/2017,05/26/2017
1231,2873,"Serviced Gas Furnace 10-9-01
Serviced Gas Furnace 11-12-02",05/26/2017,05/26/2017
1232,2874,Serviced gas Funace 10-12-01,05/26/2017,05/26/2017
1233,2875,"Serviced Oil Furnace 10-10-01
Serviced Furnace 11-7-02",05/26/2017,05/26/2017
1234,2876,Serviced Gas Furnace 10-10-01,05/26/2017,05/26/2017
1235,2877,Serviced Furnace 10-11-01,05/26/2017,05/26/2017
1237,2878,Serviced Oil Boiler 10-10-01,05/26/2017,05/26/2017
1240,2889,"Serviced Gas Furnace 10-18-01
Serviced Furnace 10-21-02",05/26/2017,05/26/2017
1240,2890,"Serviced Air Cleaner 10-18-01
Serviced Air Cleaner 10-21-02",05/26/2017,05/26/2017
1240,3852,Serviced Humidifier 10-21-02,05/26/2017,05/26/2017
1242,2891,Serviced Gas Furnace 10-16-01,05/26/2017,05/26/2017
1242,2892,Serviced Gas Furnace 10-16-01,05/26/2017,05/26/2017
1242,2893,Serviced Gas Furnace 10-16-01,05/26/2017,05/26/2017
1244,2917,Serviced gas Furnace 10-15-01,05/26/2017,05/26/2017
1247,2921,Serviced Gas Furnace 10-16-01,05/26/2017,05/26/2017
1248,3185,Service Furnace 1-10-02,05/26/2017,05/26/2017
1249,2922,Serviced gas Furnace 10-13-01,05/26/2017,05/26/2017
1250,2923,"Serviced Gas Furnace 10-15-01
Serviced Furnace 10-4-02",05/26/2017,05/26/2017
1250,2924,"Serviced Air Cleaner 10-15-01
Serviced A Cleaner 10-4-02",05/26/2017,05/26/2017
1250,8513,"This is a tank that was replaced under warranty.  Original tank was installed 10-9-02.
Model # 41V40S-40
Serial # 08021108402",05/26/2017,05/26/2017
1252,6090,PIC #1204010401,05/26/2017,05/26/2017
1254,2927,"Serviced Furnace 10-10-01.
This is furnace on 2nd Floor",05/26/2017,05/26/2017
1254,2928,"Serviced Furnace 10-10-01.
This is furnace on 3rd Floor",05/26/2017,05/26/2017
1254,2929,Serviced Air Cleaner 10-10-01,05/26/2017,05/26/2017
1254,7218,This unit is for the 2nd floor rental.,05/26/2017,05/26/2017
1254,7284,This unit cools the first floor.,05/26/2017,05/26/2017
1257,2930,Serviced gas Furnace 10-16-01,05/26/2017,05/26/2017
1258,2933,Serviced Gas Furnace 10-22-01,05/26/2017,05/26/2017
1259,3485,AC charge not working. Tried to recharge and charge was leaking out as fast as I could put it in. They do not want a compressor anymore 5-31-02,05/26/2017,05/26/2017
1260,2935,Serviced Gas Furnace 10-25-01,05/26/2017,05/26/2017
1261,2936,Serviced Gs Furnace 10-25-01,05/26/2017,05/26/2017
1262,2937,Serviced Gas Furnace 10-22-01,05/26/2017,05/26/2017
1263,2938,Serviced Propane Furnace 10-5-01,05/26/2017,05/26/2017
1263,2939,Serviced Air Cleaner 10-5-01,05/26/2017,05/26/2017
1263,2940,Serviced AC Unit 10-5-01,05/26/2017,05/26/2017
1264,2941,Serviced Gas Furnace 10-22-01,05/26/2017,05/26/2017
1265,2942,"Serviced gas Furance 10-23-01
Checked Flue Collector, adjusted gas Pressureand Service 4-29-02",05/26/2017,05/26/2017
1267,2945,"Serviced Oil Furance 10-24-01
Serviced Furnace 10-7-02",05/26/2017,05/26/2017
1268,2946,"Serviced Oil Boiler 10-24-01
Serviced Boiler 11-6-02",05/26/2017,05/26/2017
1268,3910,Serviced Oil Furnace 10-30-02,05/26/2017,05/26/2017
1273,2951,Serviced Gas Furnace 10-26-01,05/26/2017,05/26/2017
1275,2953,Serviced Gas Furnace 10-26-01,05/26/2017,05/26/2017
1275,2954,Serviced Air Cleaner 10-26-01,05/26/2017,05/26/2017
1277,2959,Serviced Gs Furnace 10-29-01,05/26/2017,05/26/2017
1277,2960,Serviced Air Cleaner 10-29-01,05/26/2017,05/26/2017
1277,2961,Serviced Humidifier 10-29--01,05/26/2017,05/26/2017
1279,2963,"Serviced Furance 10-29-01
Serviced Gas Furnace 10-29-02",05/26/2017,05/26/2017
1280,2964,Serviced Oil Furnace 10-30-01,05/26/2017,05/26/2017
1281,2965,Serviced Gas Furnace 10-30-01,05/26/2017,05/26/2017
1283,2968,Serviced Gas Furnace 10-29-01,05/26/2017,05/26/2017
1283,2995,Replaced Water Distributor 11-5-01,05/26/2017,05/26/2017
1284,2969,"Serviced AC Unit 10-2-01
Added 4lbs of Freon and Serviced 6-3-02",05/26/2017,05/26/2017
1285,2970,Serviced Gas Furnace 10-31-01,05/26/2017,05/26/2017
1286,2973,Serviced Oil Furnace 10-26-01,05/26/2017,05/26/2017
1286,2974,Serviced Oil Furnace 10-26-01,05/26/2017,05/26/2017
1289,2976,"Serviced Oil Furance 10-31-01
Serviced Furnace 11-7-02",05/26/2017,05/26/2017
1290,2977,"Serviced Oil Fired Boiler 10-26-01, Replaced Ignition Transformer .",05/26/2017,05/26/2017
1291,2978,Serviced Gas Furnace 10-30-01,05/26/2017,05/26/2017
1291,2979,Serviced Air Cleaner 10-30-01,05/26/2017,05/26/2017
1291,2980,Checked humidifier 10-30-01,05/26/2017,05/26/2017
1291,3536,"AC not working, turned on breaker and checked line temp. 
6-20-02
Replace breaker with a 30 amp murray breaker 6-24-02",05/26/2017,05/26/2017
1293,2984,Serviced Gas Furnace 10-30-01,05/26/2017,05/26/2017
1295,2986,Cleaned Elec Air Cleaner 10-27-01,05/26/2017,05/26/2017
1296,2987,Serviced and Replaced Ignition 10-29-01,05/26/2017,05/26/2017
1303,3005,Serviced Furnace 10-28-02,05/26/2017,05/26/2017
1306,8872,20352507293,05/26/2017,05/26/2017
1307,3011,"Replaced Bearings and shaft blower assembly and Service 4-2-02
Serviced Gas Furnace 10-16-02",05/26/2017,05/26/2017
1308,3012,Replaced 30Lb Relief Valve Due To Original Failing. Drained Expansion Tank. 10-7-01,05/26/2017,05/26/2017
1309,3013,"Cleaned & Serviced Gas Forced Air Furnace
Service 1-9-02",05/26/2017,05/26/2017
1310,3014,"Serviced Oil Furnace 11-5-01
Serviced Oil Furnace 10-23-02",05/26/2017,05/26/2017
1310,3015,Serviced Air Cleaner 11-5-01,05/26/2017,05/26/2017
1311,3019,Serviced Gas Furnace 11-8-01,05/26/2017,05/26/2017
1311,3020,Serviced Heat Pump 11-8-01,05/26/2017,05/26/2017
1313,3023,Serviced Gas Furnace 11-12-01,05/26/2017,05/26/2017
1318,3025,"Serviced Furnace 10-27-01
Serviced Oil Furnace 1-4-02",05/26/2017,05/26/2017
1319,5978,"Standing Pilot
Washable filter (blue)",05/26/2017,05/26/2017
1320,3026,Service Oil Furnace 11-9-01,05/26/2017,05/26/2017
1321,3027,Serviced Gas Boiler 11-6-01,05/26/2017,05/26/2017
1323,3028,Service gas Furnace 11-12-01,05/26/2017,05/26/2017
1325,3029,Serviced Heat Pump 11-9-01,05/26/2017,05/26/2017
1325,3030,Serviced Elec Air Cleaner 11-9-01,05/26/2017,05/26/2017
1325,3031,Serviced Humidifier 11-9-01,05/26/2017,05/26/2017
1326,3449,"Added 3 lbs of Refrigerant and Service 7-4-02
Added 8lbs of Refrigerant 9-9-02",05/26/2017,05/26/2017
1328,3033,Serviced Gas Furnace 11-7-01,05/26/2017,05/26/2017
1329,3034,Adjusted & Serviced Heat Exchanger 11-7-01,05/26/2017,05/26/2017
1329,3909,Serviced Oil Furnace 10-30-02,05/26/2017,05/26/2017
1330,3035,Serviced Gas Furnace 10-25-01,05/26/2017,05/26/2017
1333,3040,"Serviced Oil Furnace 11-12-01
Serviced Furnace 10-21-02",05/26/2017,05/26/2017
1333,3041,"Serviced Humidifier 11-12-01
Serviced Humidifier 10-21-02",05/26/2017,05/26/2017
1334,3042,Serviced Gas Furnace 11-6-01,05/26/2017,05/26/2017
1335,3043,Serviced Gas Furnace 11-8-01,05/26/2017,05/26/2017
1335,3044,Serviced Humidifier 11-8-01,05/26/2017,05/26/2017
1338,3045,Service Gas Furnace 11-8-01,05/26/2017,05/26/2017
1340,3047,"Serviced Gas Furnace 11-13-01
Replaced fan and limit control 12-14-01",05/26/2017,05/26/2017
1340,3422,"AC Not Working, Turned on unit and everthing ran fine 4-19-02
AC Freezing Up, charged unit with 3lbs of R-22 and Cleaned the Coils 5-29-02

7/9/02
Fixed leak, added 2.5 lbs of R-22",05/26/2017,05/26/2017
1342,3048,Serviced Oil Furnace 11-13-01,05/26/2017,05/26/2017
1347,3488,AC not working. Cleaned Coils and coil was sweating after adding R-22 1/2 of a pound. 6-10-02,05/26/2017,05/26/2017
1348,3201,Installed Expansion tank and pressure reducing valve 1-7-02,05/26/2017,05/26/2017
1349,3055,Serviced Oil Furnace 11-14-01,05/26/2017,05/26/2017
1351,3057,"Serviced Oil Furnace 11-15-01
Serviced Furnace 10-17-02",05/26/2017,05/26/2017
1355,3059,Serviced Amana Gas Furnace 11-14-01,05/26/2017,05/26/2017
1355,3060,Serviced Elec. Air Cleaner 11-14-01,05/26/2017,05/26/2017
1360,3067,Serviced Gas Furnace 11-16-01,05/26/2017,05/26/2017
1362,3069,Serviced Furnace 11-19-01,05/26/2017,05/26/2017
1362,3070,Serviced Air Cleaner 11-19-01,05/26/2017,05/26/2017
1362,3071,Serviced Humidifier 11-19-01,05/26/2017,05/26/2017
1365,3073,Serviced Gas Furnace 11-12-01,05/26/2017,05/26/2017
1366,3074,Serviced Bolier System 11-12-01,05/26/2017,05/26/2017
1367,3075,Serviced Boiler 11-12-01,05/26/2017,05/26/2017
1370,3079,Serviced Gas Furnace 11-12-01,05/26/2017,05/26/2017
1372,3081,"Serviced Gas Furnace 11-19-01
Serviced Furnace 10-15-02",05/26/2017,05/26/2017
1374,3083,Serviced Hot water Furnace 11-16-01,05/26/2017,05/26/2017
1377,3085,Serviced Gas Furnace 11-16-01,05/26/2017,05/26/2017
1378,3086,Serviced Propane Furnace 11-19-01,05/26/2017,05/26/2017
1378,3311,Serviced Heat Pump System 2-15-02,05/26/2017,05/26/2017
1378,3312,Serviced Elec. Air Cleaner 2-15-02,05/26/2017,05/26/2017
1379,3087,Serviced Gas Furnace 11-19-01,05/26/2017,05/26/2017
1383,3090,Serviced Gas Furnace 11-20-01,05/26/2017,05/26/2017
1386,3091,Serviced Heat Pump 11-28-01,05/26/2017,05/26/2017
1386,3092,Serviced Air Cleaner 11-28-01,05/26/2017,05/26/2017
1387,3093,Serviced Oil Furnace 11-26-01,05/26/2017,05/26/2017
1387,3094,Serviced Elec. Air Cleaner 11-26-01,05/26/2017,05/26/2017
1387,3095,Serviced Humidifier 11-26-01,05/26/2017,05/26/2017
1387,3554,"Seviced AC, Charged with 2lbs of R-22 ---- 7-1-02",05/26/2017,05/26/2017
1388,3096,Serviced Gas Furnace 11-27-01,05/26/2017,05/26/2017
1388,3635,Poor Air Mixing is why the house will not cool the way it should 8-13-02,05/26/2017,05/26/2017
1389,3098,"Serviced Air Cleaner 11-28-01
Serviced Air Cleaner 6-30-02",05/26/2017,05/26/2017
1389,3460,"Drained line that was filled with dirt, Service 4-16-02",05/26/2017,05/26/2017
1390,6555,6.62E+11,05/26/2017,05/26/2017
1391,3100,"Serviced Gas Furnace 11-28-01
Serviced Furnace 10-25-02",05/26/2017,05/26/2017
1391,3101,"Serviced Air Cleaner 11-28-01
Serviced Air Cleaner 10-25-02",05/26/2017,05/26/2017
1392,3102,Serviced Trane Gas Furnace 11-27-01,05/26/2017,05/26/2017
1396,3104,Serviced Gas Furnace 1-28-01,05/26/2017,05/26/2017
1396,3105,Service Air Cleaner 11-28-01,05/26/2017,05/26/2017
1396,3612,Serviced AC Unit 7-31-02,05/26/2017,05/26/2017
1397,3113,Serviced Furnace 12-3-01,05/26/2017,05/26/2017
1397,3114,Serviced Humidifier 12-3-01,05/26/2017,05/26/2017
1397,3115,Serviced Furnace 12-3-01,05/26/2017,05/26/2017
1398,3116,Serviced Gs Furnace 12-3-01,05/26/2017,05/26/2017
1400,3118,Serviced Gas Furnace 12-5-01,05/26/2017,05/26/2017
1401,3119,Serviced Gas Furnace 12-3-01,05/26/2017,05/26/2017
1402,3120,Serviced Heat Pump 12-5-01,05/26/2017,05/26/2017
1406,3123,"Serviced Oil Furnace 12-5-01
Serviced Furnace 10-10-02",05/26/2017,05/26/2017
1407,3125,Serviced Hot Water Furnace 12-4-01,05/26/2017,05/26/2017
1409,3127,Serviced Oil Furnace 9-30-01,05/26/2017,05/26/2017
1410,3128,Serviced Hot Water Furnace 9-30-01,05/26/2017,05/26/2017
1412,3907,Serviced Furnace 10-24-02,05/26/2017,05/26/2017
1416,3492,Serviced Oil Furnace 1-2-02,05/26/2017,05/26/2017
1419,3140,Serviced Gas Furnace 12-7-01,05/26/2017,05/26/2017
1419,3141,Serviced Air Cleaner 12-7-01,05/26/2017,05/26/2017
1420,3142,Serviced Furnace 12-10-01,05/26/2017,05/26/2017
1420,3143,Serviced Air Cleaner 12-10-01,05/26/2017,05/26/2017
1423,3144,"Replaced cap cell due to original not functioning, and Service 11-24-01",05/26/2017,05/26/2017
1424,3493,Service and 2lbs of R-22 6-3-02,05/26/2017,05/26/2017
1425,3145,Serviced Furnace 12-6-01,05/26/2017,05/26/2017
1429,3147,Serviced Gas Furnace 12-6-01,05/26/2017,05/26/2017
1430,3148,"Cleaned & Serviced Oil Furnace, sweeped out heat exchanger, cleaned out chimmney, replced flue Pipe 12-14-01",05/26/2017,05/26/2017
1431,3149,Serviced Gas Furnacce,05/26/2017,05/26/2017
1435,3154,Replaced Ignitor and Serviced 12-20-01,05/26/2017,05/26/2017
1439,3157,Serviced Gas Furnace  11-29-01,05/26/2017,05/26/2017
1439,3158,Replaced heat anticipator 11-29-01,05/26/2017,05/26/2017
1439,3787,**For CWalters Home,05/26/2017,05/26/2017
1442,3159,Replaced water panel in humidifier 12-18-01 and Service,05/26/2017,05/26/2017
1449,3160,Checked Wiring and Fan Relay 12-22-01,05/26/2017,05/26/2017
1451,3269,Replaced Iginitor assembly and Serviced 2-17-02,05/26/2017,05/26/2017
1451,3494,"AC freezing up, charged unit with R-22 6-10-02",05/26/2017,05/26/2017
1452,4179,Install on 12/23/09 used oil furnace at no cost.,05/26/2017,05/26/2017
1453,3164,"Replaced board on gas furnace, cleaned flame sensor 12-27-01",05/26/2017,05/26/2017
1454,3165,Service to gas furnace 12-31-01 for the basement apartment,05/26/2017,05/26/2017
1456,3168,Cleaned Out Heat Exchanger & Serviced 12-29-01,05/26/2017,05/26/2017
1459,3170,Serviced Gas Furnace 12-28-01,05/26/2017,05/26/2017
1463,3172,Serviced Furnace 12-27-01,05/26/2017,05/26/2017
1463,3173,Serviced Furnace 12-27-01,05/26/2017,05/26/2017
1464,3175,Service 12-21-01,05/26/2017,05/26/2017
1464,3176,Service 12-21-01,05/26/2017,05/26/2017
1464,3177,Service 12-21-01,05/26/2017,05/26/2017
1467,3179,"Service 12-27-01
Repalced Ign#30 10-11-02",05/26/2017,05/26/2017
1467,3427,Serviced AC unit On Roberts Side. 4-26-02,05/26/2017,05/26/2017
1467,3428,Serviced AC Unit On Mother's Side 4-26-02,05/26/2017,05/26/2017
1468,3180,Serviced Gas Furnace 1-2-02,05/26/2017,05/26/2017
1469,3181,Serviced Gas Furnace 12-28-01,05/26/2017,05/26/2017
1471,3183,Replaced 1-1/2 HP Direct Drive 4 Speed Blower Motor and 10 MFD Capacitor 12-30-01,05/26/2017,05/26/2017
1472,3189,"Replaced Combustion Fan, Serviced Gas Furnace 1-10-02",05/26/2017,05/26/2017
1475,3191,Serviced Furnace 1-2-02,05/26/2017,05/26/2017
1476,3192,Serviced and adjusted gas pressure 1-10-02,05/26/2017,05/26/2017
1477,3194,Serviced Air Cleaner 1-3-02,05/26/2017,05/26/2017
1479,3195,Replaced fan Control and serviced 1-11-02,05/26/2017,05/26/2017
1482,3197,Serviced gas Furnace 12-28-01,05/26/2017,05/26/2017
1484,3199,Serviced 1-10-02,05/26/2017,05/26/2017
1486,3209,This equipment is for addition.  He has two systems.,05/26/2017,05/26/2017
1487,3212,Placed Ignition Cotrol Board on Gas Furnace and Service 1-4-02,05/26/2017,05/26/2017
1491,3214,Serviced Gas Furnace 1-4-02,05/26/2017,05/26/2017
1491,3215,Replace Power Pack and Transfer on Air Cleaner 1-4-02,05/26/2017,05/26/2017
1493,3217,Serviced Gas Furnace 12-31-01,05/26/2017,05/26/2017
1495,3218,"Serviced Gas Furnace with Heat Pump System 1-7-02
It also states on invoice that gas valve does not open the whole way and that this needs to be replaced.

Replaced Auto Changeover heatpump thermostat and Service 5-14-02

Serviced Gas Furnace 11-22-02, Replaced thermocouple",05/26/2017,05/26/2017
1496,3219,Replaced Ignition Control and Serviced burner assembly and Flame Sensor 1-8-02,05/26/2017,05/26/2017
1497,3220,Replaced 1/3 hp Direct Drive Blower Motro and repaired wire to due it being burned off and Service 1-5-02,05/26/2017,05/26/2017
1499,3225,Serviced Furnace 1-21-02,05/26/2017,05/26/2017
1505,3230,"Replaced Comb. Fan, Serviced Furnace 1-14-02",05/26/2017,05/26/2017
1509,3232,Hot Surface Ignition and 20 Year Heat Exchanger Warranty 1-16-02,05/26/2017,05/26/2017
1512,3236,Serviced gas furnace and repaired pressure switch 1-27-02,05/26/2017,05/26/2017
1513,7147,"Old unit was model # RAKB-030JAZ
Serial # 6951M050504334",05/26/2017,05/26/2017
1515,3239,"Serviced Gas Furnace and Replaced Hot Surface Ignitor 
1-26-02",05/26/2017,05/26/2017
1517,3241,"Replaced Ignitor on Gas Furnace 1-29-02
Serviced 1-29-02",05/26/2017,05/26/2017
1517,3242,"Replaced Ignition module 1-29-02
Serviced 1-29-02",05/26/2017,05/26/2017
1520,3248,Replaced Boiler Reief Valve and Service 1-29-02,05/26/2017,05/26/2017
1521,3249,Replaced Flame Sensor 2-2-02,05/26/2017,05/26/2017
1524,3250,Service 1-11-02,05/26/2017,05/26/2017
1524,3251,Checked AC Coil and Refrigerant Pressures 1-11-02,05/26/2017,05/26/2017
1525,3253,Service and Rewired switch on side due to them being shorted 2-1-02,05/26/2017,05/26/2017
1526,3254,Replaced Control Module and Service 2-3-02,05/26/2017,05/26/2017
1529,3255,Serviced 2-2-02,05/26/2017,05/26/2017
1530,3633,Serviced Outdoor Unit  7-5-02,05/26/2017,05/26/2017
1538,3263,Service 2-10-02,05/26/2017,05/26/2017
1542,3267,Adjusted the Gas Pressure because the furnace was tripping on limit. 2-6-02,05/26/2017,05/26/2017
1544,3268,Replaced Comb Fan Motor Assembly and Service 2-13-02,05/26/2017,05/26/2017
1549,3273,Service To Gas Hot Water Furnace 2-5-02,05/26/2017,05/26/2017
1553,3275,Service 2-20-02,05/26/2017,05/26/2017
1554,3277,Serviced Gas Furnace 2-14-02,05/26/2017,05/26/2017
1555,3278,Serviced Gas Furnace 2-11-02,05/26/2017,05/26/2017
1557,3285,Wire was disconnected rewired to switch on side of furnace and Checked Operation 2-22-02,05/26/2017,05/26/2017
1560,3288,Reaplced Ignitor and Flame Sensor and Service Gas Furnace 2-22-02,05/26/2017,05/26/2017
1561,3289,Installed at Shine Shop 2-18-02,05/26/2017,05/26/2017
1562,3290,"Serviced gas Furnace and Replaced Hot Surface Ignitor 
2-23-02",05/26/2017,05/26/2017
1563,3294,Cleaned Air Cleaner 3-1-02,05/26/2017,05/26/2017
1564,3295,"Serviced Gas Furnace 3-4-02
Serviced Furnace 10-10-02",05/26/2017,05/26/2017
1564,3531,Replaced Direct Drive blower with new capacitor added 2lbs refrigerant and Serviced 6-25-02,05/26/2017,05/26/2017
1565,3296,Serviced Furnace 3-4-02 and Replaced Flame Sensor,05/26/2017,05/26/2017
1567,3298,Serviced Furnace 3-4-02,05/26/2017,05/26/2017
1571,3302,Water Valve 2-25-02,05/26/2017,05/26/2017
1571,3303,Serviced Air Conditioner 2-25-02,05/26/2017,05/26/2017
1572,3304,"Serviced Oil Boiler, Replaced Oil Nozzle, Filter. 3-5-02",05/26/2017,05/26/2017
1574,3313,"Serviced Gas Furnace 3-8-02, Replaced Thermocouple and Cleaned Chimmney out.",05/26/2017,05/26/2017
1575,3314,"Replaced Ignitor on Gas Furnace and Service 3-10-02
Replaced Combustion Fan Motor Assembly 3-11-02",05/26/2017,05/26/2017
1576,3315,Bled Baseboard Radiators 2-25-02,05/26/2017,05/26/2017
1577,3316,Serviced Gas Furnace 3-11-02,05/26/2017,05/26/2017
1579,3317,"Serviced Oil Furnace 3-11-02
Serviced Oil Furnace 11-8-02, Replaced Oil Nozzle and Filter",05/26/2017,05/26/2017
1580,3318,"Replaced Flame Sensor 3-12-02
And Service 3-12-02",05/26/2017,05/26/2017
1580,3319,Water Panel #12  on 3-12-02,05/26/2017,05/26/2017
1581,3335,"Installed with Registers, duct work and gas line 3-20-02",05/26/2017,05/26/2017
1581,3336,"Installed with Registers, duct work and gas line 3-20-02",05/26/2017,05/26/2017
1583,3322,Replaced Limit Switch on gas Furnace 3-18-02,05/26/2017,05/26/2017
1584,3323,Cleaned & Serviced Gas Forced Air Furnace 3-16-02,05/26/2017,05/26/2017
1586,3324,Serviced Furnace 3-18-02,05/26/2017,05/26/2017
1589,3330,"Serviced Gas Furnace and Replaced Thermocouple
3-19-02",05/26/2017,05/26/2017
1589,3331,Serviced Elec. Air Cleaner 3-19-02,05/26/2017,05/26/2017
1589,3332,Checked AC but also wrote on invoice that the temps have to be warmer in order to check throughly 3-19-02,05/26/2017,05/26/2017
1590,3333,Serviced Oil Furnace 3-3-02,05/26/2017,05/26/2017
1591,3334,Installed A Variflow Blower Control onto Gas Furnace 3-8-02,05/26/2017,05/26/2017
1592,3339,"Serviced & Cleaned gas Furnace, Replaced Thermocouple, & Inspect Heat Exchanger 3-22-02",05/26/2017,05/26/2017
1593,3340,"Serviced Gas Forced Air Furnace 3-22-02
Replaced & Rewired Fan & Limit Switch 3-22-02",05/26/2017,05/26/2017
1594,3341,Serviced Furnace 3-22-02,05/26/2017,05/26/2017
1596,3343,"Serviced Furnace 3-22-02
Replaced heat exchanger 9-16-02",05/26/2017,05/26/2017
1597,3344,"Serviced Gas Furnace 3-22-02, Installed Exhaust Blower Motor Assembly",05/26/2017,05/26/2017
1598,3443,Replaced Heat Exchanger in Furnace at the Larimer PO Bldg. Part was under warranty,05/26/2017,05/26/2017
1602,3349,Replaced thermocouple and Serviced Furnace 3-28-02,05/26/2017,05/26/2017
1605,3351,Leveled Thermostat and Service 3-26-02,05/26/2017,05/26/2017
1606,3352,"Replaced Ignitor and Service 3-28-02
Replaced Ignitor 10-15-02",05/26/2017,05/26/2017
1606,3353,"Cleaned Elec Air Cleaner and Service 3-28-02
Serviced 10-15-02",05/26/2017,05/26/2017
1609,3357,Replaced Blower Motor Belt and Thermocouple and Serviced 4-1-02,05/26/2017,05/26/2017
1610,3358,Service 4-1-02,05/26/2017,05/26/2017
1611,3359,Serviced gas Furnace 4-5-02,05/26/2017,05/26/2017
1612,3360,Serviced Gas Furnace 4-7-02,05/26/2017,05/26/2017
1613,3724,Replaced Heating/Cooling Thermostat 8-7-02,05/26/2017,05/26/2017
1616,3363,"Replaced Blower Motor, Ignitor and Flame sensor.
Also Serviced 3-28-02",05/26/2017,05/26/2017
1619,5426,Service A/C added 1 lb. R-22 7-29-02,05/26/2017,05/26/2017
1624,3364,Ignition control for Gas Furnace 4-4-02,05/26/2017,05/26/2017
1635,3402,Serviced Furnace 4-18-02,05/26/2017,05/26/2017
1635,3403,"Serviced AC 4-18-02
Service AC and replaced capacitor 5-31-02",05/26/2017,05/26/2017
1636,3404,"Condensate Pump did not work, Replaced pump and Service 4-18-02",05/26/2017,05/26/2017
1637,3405,Serviced AC 4-18-02,05/26/2017,05/26/2017
1641,3408,Repair to AC 4-17-02,05/26/2017,05/26/2017
1643,3410,Repair XL90 AC 4-17-02,05/26/2017,05/26/2017
1645,3411,Serviced AC Unit 4-15-02,05/26/2017,05/26/2017
1645,3413,Checked Air Filter 4-15-02,05/26/2017,05/26/2017
1647,3414,"Serviced & Replaced ignitor & Flame Sensor 4-16-02
Checked Furnace Poeration 10-29-02",05/26/2017,05/26/2017
1647,3415,Serviced AC 4-16-02,05/26/2017,05/26/2017
1647,3416,Cleaned Air Cleaner 4-16-02,05/26/2017,05/26/2017
1649,3417,Serviced Rooftop Unit  4-4-02,05/26/2017,05/26/2017
1649,3559,Service Call 7-3-02,05/26/2017,05/26/2017
1650,3418,Replaced 4 - 24x24x2 in one rooftop unit and Service 4-8-02,05/26/2017,05/26/2017
1650,3419,Replaced 4 - 24x24x2 in one rooftop unit and Service 4-8-02,05/26/2017,05/26/2017
1650,3658,"Added 11LB of Refrigerant
Replaced 4-24x24x2 AND 4-16x25x4 Air Filters. 8-9-02",05/26/2017,05/26/2017
1653,3423,"AC Freezing Up, checked AC Unit 4-19-02",05/26/2017,05/26/2017
1653,3424,"Air Cleaner only putting out 5,000 units but did not have filter to replace it. 4-19-02",05/26/2017,05/26/2017
1657,3430,"Installed Expansion Tank to Water System 4-25-02
Installed Pressure Regilator 4-25-02",05/26/2017,05/26/2017
1658,3431,"Serviced Furnace, Tranformer was cooked beacause f Power Surge so replaced Transformer 4-29-02",05/26/2017,05/26/2017
1661,3433,Serviced Furnace 4-22-02,05/26/2017,05/26/2017
1662,3434,"Cleaned Air Filters and Register Grills 4-1-02
Cleaned Air Filters and for rooftop unit 7-25-02",05/26/2017,05/26/2017
1664,3435,"Installed Pressure Regulator, Expnsion Tank 4-23-02",05/26/2017,05/26/2017
1664,3436,"Serviced AC 4-23-02
Replaced Heater for compressor and added 1/2 lb of R-22. 7-8-02",05/26/2017,05/26/2017
1670,3444,Fixed 3 Bad Wires and Serviced 5-2-02,05/26/2017,05/26/2017
1672,3450,"Replaced Thermocouple, Serviced Furnace 4-22-02",05/26/2017,05/26/2017
1675,3455,Replaced Main Control board on Bryant Gas Furnace and Service 4-24-02,05/26/2017,05/26/2017
1676,3456,Replaced Thermostat and Service 5-7-02,05/26/2017,05/26/2017
1676,3457,Replaced Thermostat 5-7-02,05/26/2017,05/26/2017
1677,3458,Added 1/2 lb of Refrigerant and Serviced. 5-7-02,05/26/2017,05/26/2017
1678,3464,reaplced Fan Relay 5-28-02,05/26/2017,05/26/2017
1678,3465,Tested board and Transformer. Both are no good. 5-28-02,05/26/2017,05/26/2017
1681,3699,Frank's  House,05/26/2017,05/26/2017
1681,3701,Deep Creek House,05/26/2017,05/26/2017
1683,3467,Service 5-14-02,05/26/2017,05/26/2017
1684,3908,Serviced Furnace 10-29-02,05/26/2017,05/26/2017
1687,3476,Serviced AC Unit 5-9-02,05/26/2017,05/26/2017
1690,3479,Serviced Furnace 4-22-02,05/26/2017,05/26/2017
1691,3481,Serviced AC unit 4-19-02,05/26/2017,05/26/2017
1693,3495,"AC not working needs compressor 5-31-02
Service To AC, replaced compressor 6-21-02
added 6lbs of Freon #22",05/26/2017,05/26/2017
1694,3496,"AC frozen, had to add 2.5 lbs of R-22 5-31-02",05/26/2017,05/26/2017
1695,4443,This furnace is located above the basement stairs in the former hardware store location.,05/26/2017,05/26/2017
1696,3498,"AC not working added R-22 6-11-02
Cleaned Outdoor Unit and Ran thru a cooling cycle 7-23-02",05/26/2017,05/26/2017
1698,3500,Service AC unit added R-22 6-6-02,05/26/2017,05/26/2017
1700,3502,Replaced Compressor Fan and Service 6-10-02,05/26/2017,05/26/2017
1703,3504,Service AC 5-29-02,05/26/2017,05/26/2017
1703,3505,Service gas Furnace 5-29-02,05/26/2017,05/26/2017
1704,3506,"Service AC, added 2 lbs of refrigerant 6-10-02",05/26/2017,05/26/2017
1705,3507,Service AC unit 6-11-02,05/26/2017,05/26/2017
1706,3508,"AC Unit Not working, serviced and fixed 6-6-02",05/26/2017,05/26/2017
1708,3512,"AC Unit not working, compressor was locked 5-31-02",05/26/2017,05/26/2017
1709,3513,Service Furnace 6-4-02,05/26/2017,05/26/2017
1709,3514,Service AC unit 6-4-02,05/26/2017,05/26/2017
1710,3515,Serviced AC unit and charged with 3lbs of R-22. 6-4-02,05/26/2017,05/26/2017
1710,6993,P1106906F,05/26/2017,05/26/2017
1711,3516,Service AC unit 6-14-02,05/26/2017,05/26/2017
1711,3517,Replaced relay on air handler 6-14-02,05/26/2017,05/26/2017
1713,3519,Replaced outdoor fan motor and added refrigerant to system and Service 6-12-02,05/26/2017,05/26/2017
1715,3521,Replaced direct drive blower motor and service  6-10-02,05/26/2017,05/26/2017
1716,3522,Service AC unit 6-11-02,05/26/2017,05/26/2017
1718,3524,Serviced AC unit and added 3lbs of R-22 7-3-02,05/26/2017,05/26/2017
1718,3721,Serviced Furnace 9-9-02,05/26/2017,05/26/2017
1719,3525,Service AC unit 7-3-02,05/26/2017,05/26/2017
1720,3526,"Service to AC unit, left 2 air filters 16x25x1. 7-1-02",05/26/2017,05/26/2017
1722,3527,Service to AC unit and aded 3lbs of Freon 22 - 7-2-02,05/26/2017,05/26/2017
1723,3528,"Service To AC and replaced condensor fan and motor, 
7-2-02",05/26/2017,05/26/2017
1724,3529,Repair and Service to Heat Pump 6-28-02,05/26/2017,05/26/2017
1724,3530,Service and Repair to Air Handler 6-28-02,05/26/2017,05/26/2017
1724,3938,Service 10-25-02,05/26/2017,05/26/2017
1725,3540,"Service AC unit and added 2lbs of R-22, put 3 batteries in the thermostat so AC and Furnace would work. 6-10-02",05/26/2017,05/26/2017
1728,3545,Serviced AC 6-25-02,05/26/2017,05/26/2017
1728,3906,Serviced Gas Furnace 10-31-02,05/26/2017,05/26/2017
1728,4045,Repaired Humidifier 11-22-02,05/26/2017,05/26/2017
1732,3546,"Serviced & Cleaned 4 AC units, replaced capacitors on 3 of the units. 6-12-02",05/26/2017,05/26/2017
1733,3547,Added 2 lb of refrigerant to AC System and Service 6-18-02,05/26/2017,05/26/2017
1734,3548,"Replaced Compressor cap, wire connectors 6-21-02",05/26/2017,05/26/2017
1740,3561,Added Dual Capacitor and Service 7-8-02,05/26/2017,05/26/2017
1741,3562,Serviced and added 1 lb of refrigerant 6-11-02,05/26/2017,05/26/2017
1743,3564,Added 5 lbs of R-22  7-9-02,05/26/2017,05/26/2017
1744,3565,added 1 lb of refrigerant and Service 7-8-02,05/26/2017,05/26/2017
1750,3571,Serviced AC Unit 7-11-02,05/26/2017,05/26/2017
1752,3573,Serviced AC unit 7-15-02,05/26/2017,05/26/2017
1753,3575,"Took filter out of furnace, that was the cause of the freeze up. 7-14-02",05/26/2017,05/26/2017
1754,3576,"Added 1 lb of Regrigerant, & Serviced 7-12-03",05/26/2017,05/26/2017
1755,3582,Service AC 7-16-02,05/26/2017,05/26/2017
1755,3583,Cleaned Air Filter 7-16-02,05/26/2017,05/26/2017
1756,3584,Serviced AC Unit 7-15-02,05/26/2017,05/26/2017
1759,3585,Serviced TWO Furnaces 7-16-02,05/26/2017,05/26/2017
1759,3586,Serviced AC 7-16-02,05/26/2017,05/26/2017
1759,3587,Serviced Air Cleaner 7-16-02,05/26/2017,05/26/2017
1759,3588,Serviced Humidifer 7-16-02,05/26/2017,05/26/2017
1761,3659,Serviced Furnace 8-14-02,05/26/2017,05/26/2017
1762,3589,Replaced Outdoor fan motor and Checked AC Operation. Everything Good. 7-18-02,05/26/2017,05/26/2017
1763,3590,"Serviced AC 7-16-02
Cleaned Blower Wheel 7-16-02",05/26/2017,05/26/2017
1763,3591,Replaced Air Filter 7-16-02,05/26/2017,05/26/2017
1765,3593,Serviced Furnace 7-17-02,05/26/2017,05/26/2017
1766,3594,"Replaced Cap with 40/5#668, Wash Outdoor Coil 7-23-02",05/26/2017,05/26/2017
1767,3595,"Wire was burnt, replaced connector and strip wire back. 7-22-02",05/26/2017,05/26/2017
1768,3596,"AC not working, breaker was off. 7-2-02",05/26/2017,05/26/2017
1770,3597,"Serviced AC, Cleaned Outdoor Unit 7-4-02",05/26/2017,05/26/2017
1772,3725,Serviced Furnace 9-9-02,05/26/2017,05/26/2017
1772,3726,Serviced Air Cleaner 9-9-02,05/26/2017,05/26/2017
1772,3727,Serviced AC 9-9-02,05/26/2017,05/26/2017
1773,3598,"Added 1LB Refrigerant to system, and Service 7-23-02",05/26/2017,05/26/2017
1774,3599,"Service, Replaced Capacitor 7-21-02",05/26/2017,05/26/2017
1774,3600,Replaced Integrated Furnace Circuit Board 7-21-02,05/26/2017,05/26/2017
1775,3601,Serviced 7-23-02,05/26/2017,05/26/2017
1779,5246,Installed in ambulance garage bay.,05/26/2017,05/26/2017
1783,3616,"Serviced AC, Replaced Fuse, Charged with 1Lb of R-22 
7-26-02",05/26/2017,05/26/2017
1784,3617,Replaced Capacitor added 1LB. Of R-22  7-30-02,05/26/2017,05/26/2017
1785,3618,Replaced Motor with used motor 7-31-02,05/26/2017,05/26/2017
1788,3621,Fixed outdoor Coil so AC would not run all the time. 7-25-02,05/26/2017,05/26/2017
1790,3622,Replaced 16x25 Honeywell Filter 7-29-02,05/26/2017,05/26/2017
1791,3623,Service to GE Furnace 7-25-02,05/26/2017,05/26/2017
1792,3624,Turned on thermostat and AC came on 7-29-02,05/26/2017,05/26/2017
1798,3630,"Checked AC, everything working best it can 8-5-02",05/26/2017,05/26/2017
1799,3631,Added 1LB of R-22 8-5-02,05/26/2017,05/26/2017
1801,3641,Added 4lb of Refrigerant 7-10-02,05/26/2017,05/26/2017
1802,3642,"Replaced low voltage wire outside at condensor unit, Checked line temperature 8-19-02",05/26/2017,05/26/2017
1803,3644,Cleaned outdoor Coils 7-30-02,05/26/2017,05/26/2017
1804,3645,"AC not working, but everything was working fine. 8-16-02",05/26/2017,05/26/2017
1805,3646,Serviced Furnace 8-7-02,05/26/2017,05/26/2017
1805,3647,Serviced AC 8-7-02,05/26/2017,05/26/2017
1805,3648,"Serviced 8-7-02
Aluminum Air Filter for Air Cleaner 8-22-02",05/26/2017,05/26/2017
1806,3649,Serviced AC Unit 8-7-02,05/26/2017,05/26/2017
1807,3650,Serviced AC Unit 8-2-02,05/26/2017,05/26/2017
1808,3651,Replaced Hot Water Tank and added expansion Tank 8-8-02,05/26/2017,05/26/2017
1809,3652,Serviced AC Unit 8-8-02,05/26/2017,05/26/2017
1811,3656,"AC not working, replaced motor 7-24-02",05/26/2017,05/26/2017
1812,3657,Replaced Programmable Thermostat 5-21-02,05/26/2017,05/26/2017
1813,3660,"Service to AC, and Installed hard start capacitor 8-5-02",05/26/2017,05/26/2017
1814,3661,"Recovery 4lb of R-22, Repair Leak 8-12-02",05/26/2017,05/26/2017
1815,3662,Serviced AC unit 8-12-02,05/26/2017,05/26/2017
1816,3663,"Unit is no good, compressor was sticking open,8-5-02",05/26/2017,05/26/2017
1817,3664,Serviced AC 8-20-02,05/26/2017,05/26/2017
1817,3665,Cleaned Blower wheel 8-20-02,05/26/2017,05/26/2017
1819,3667,"Serviced AC Unit inside & Out 7-18-02
Added 3LB of R-22
Replaced blower motor and pulley 7-18-02",05/26/2017,05/26/2017
1819,3668,Serviced Air Handelr 7-18-02,05/26/2017,05/26/2017
1821,3669,"This is for store on Center Highway,North Huntingdon
Checked AC Unit 7-10-02 
Note: 2 Service Calls",05/26/2017,05/26/2017
1823,3670,Installed AC.,05/26/2017,05/26/2017
1824,3673,Serviced 7-26-02,05/26/2017,05/26/2017
1827,3676,Service 8-12-02,05/26/2017,05/26/2017
1827,3677,Serviced Furnace 9-3-02,05/26/2017,05/26/2017
1827,3678,Serviced AC 9-3-02,05/26/2017,05/26/2017
1830,3680,Serviced Gas Furnace 9-4-02,05/26/2017,05/26/2017
1831,3681,Serviced Furnace 9-4-02,05/26/2017,05/26/2017
1831,3682,Serviced AC unit 9-4-02,05/26/2017,05/26/2017
1832,3683,Washed Drain line 9-3-02,05/26/2017,05/26/2017
1833,3684,Serviced Furnace 8-22-02,05/26/2017,05/26/2017
1833,3685,Serviced AC 8-22-02,05/26/2017,05/26/2017
1833,3686,Serviced and replaced water panel in Humidifier 8-22-02,05/26/2017,05/26/2017
1834,3688,Furnace Condensate Line was not connected correctly 8-6-02,05/26/2017,05/26/2017
1835,3689,Serviced Heat Pump 9-4-02,05/26/2017,05/26/2017
1844,4059,Serviced Gas Furnace 11-12-02,05/26/2017,05/26/2017
1844,4060,Checked Humidifier 11-12-02,05/26/2017,05/26/2017
1845,3730,Serviced Furnace 9-10-02,05/26/2017,05/26/2017
1845,3731,Serviced AC unit 9-10-02,05/26/2017,05/26/2017
1846,3732,Serviced AC unit 9-9-02,05/26/2017,05/26/2017
1847,3733,Serviced Furnace 9-6-02,05/26/2017,05/26/2017
1847,3734,Serviced AC 9-6-02,05/26/2017,05/26/2017
1849,3735,Serviced Furnace 9-6-02,05/26/2017,05/26/2017
1849,3736,Serviced AC unit 9-6-02,05/26/2017,05/26/2017
1850,3934,Clean Contacts on subbase of thermostat and replaced Water panel 10-24-02,05/26/2017,05/26/2017
1854,3742,"Serviced ACunit 9-12-02
Replaced 240 Volt 9-12-02",05/26/2017,05/26/2017
1856,3748,Serviced Furnace 9-18-02,05/26/2017,05/26/2017
1858,3752,Serviced Furnace 9-18-02,05/26/2017,05/26/2017
1858,3753,Serviced AC Unit 9-18-02,05/26/2017,05/26/2017
1862,3758,#511330148  Ignitor part number.,05/26/2017,05/26/2017
1867,3795,Service to Gas Furnace 9-25-02,05/26/2017,05/26/2017
1867,3797,Serviced humidifier 9-25-02,05/26/2017,05/26/2017
1869,3799,Serviced Furnance 9-20-02,05/26/2017,05/26/2017
1869,3800,Replaced Filter 9-20-02,05/26/2017,05/26/2017
1872,3801,Serviced Hot Water Boiler 9-24-02,05/26/2017,05/26/2017
1874,3804,Serviced Gas Furnace 9-19-02,05/26/2017,05/26/2017
1875,3805,Serviced Gas Furnace 9-19-02,05/26/2017,05/26/2017
1875,3806,Replaced 2200 Filter 9-19-02,05/26/2017,05/26/2017
1876,3807,Serviced Gas Furnace 9-19-02,05/26/2017,05/26/2017
1878,3812,Serviced Oil Furnace 9-30-02,05/26/2017,05/26/2017
1879,3813,Replaced Contator in AC 9-30-02,05/26/2017,05/26/2017
1879,5919,p9961510F,05/26/2017,05/26/2017
1880,3814,Serviced gas Furnace 9-30-02,05/26/2017,05/26/2017
1881,3815,Serviced Gas Furnace 10-1-02,05/26/2017,05/26/2017
1882,3817,Serviced Acleaner 9-3-02,05/26/2017,05/26/2017
1882,3818,Serviced Humidifier and replaced water panel 9-3-02,05/26/2017,05/26/2017
1883,3819,Serviced Gas Furnace and replaced belt 9-27-02,05/26/2017,05/26/2017
1884,3821,Serviced AC Unit 8-29-02,05/26/2017,05/26/2017
1884,3822,Serviced Humidifier 8-29-02,05/26/2017,05/26/2017
1884,3823,Air Cleaner with Ductwork 8-29-02,05/26/2017,05/26/2017
1885,3828,Serviced Gas Furnace 10-4-02,05/26/2017,05/26/2017
1888,3830,Serviced Heat Pump 10-4-02,05/26/2017,05/26/2017
1890,3832,Serviced Oil Furnace 10-7-02,05/26/2017,05/26/2017
1892,3834,Serviced Furnace 10-4-02,05/26/2017,05/26/2017
1894,3836,Serviced Furnace 10-3-02,05/26/2017,05/26/2017
1896,3839,Serviced Gas Furnace 10-2-02,05/26/2017,05/26/2017
1896,5626,This furnace is in the garage.,05/26/2017,05/26/2017
1897,3840,Serviced Oil Furnace 10-2-02,05/26/2017,05/26/2017
1900,3854,Serviced Gas Furnace 10-14-02,05/26/2017,05/26/2017
1901,3855,Serviced Gas Furnace 10-9-02,05/26/2017,05/26/2017
1902,3856,Serviced Gas Furnace 10-14-02,05/26/2017,05/26/2017
1903,3857,Serviced Gas Furnace 10-10-02,05/26/2017,05/26/2017
1904,3858,Serviced Gas Furnace  10-10-02,05/26/2017,05/26/2017
1905,3860,Serviced Furnace 10-10-02,05/26/2017,05/26/2017
1906,3861,Serviced Furnace 10-14-02,05/26/2017,05/26/2017
1908,3863,Serviced gas Furnace 9-26-02,05/26/2017,05/26/2017
1909,3864,Replaced Component Board and Service 10-14-02,05/26/2017,05/26/2017
1910,3865,Serviced Oil Furnace 10-9-02,05/26/2017,05/26/2017
1911,3866,"Replaced Oil Nozzle, & Sub Base 10-14-02",05/26/2017,05/26/2017
1913,3869,Serviced Gas Furnace 10-14-02,05/26/2017,05/26/2017
1914,3870,Serviced Gas Furnace 9-25-02 for Sunday School Rooms,05/26/2017,05/26/2017
1914,3871,Serviced Gas Furnace 9-25-02-for Sanctuary,05/26/2017,05/26/2017
1916,3875,Serviced Gas Furnace 10-9-02,05/26/2017,05/26/2017
1919,3876,Serviced gas Furnace 10-11-02,05/26/2017,05/26/2017
1919,3877,Serviced Humidifier 10-11-02,05/26/2017,05/26/2017
1922,3879,Serviced Furnace 10-14-02,05/26/2017,05/26/2017
1923,3880,Serviced gas Furnace 10-3-02,05/26/2017,05/26/2017
1923,3881,Serviced Elec. Air Cleaner 10-3-02,05/26/2017,05/26/2017
1925,3883,Serviced Gas Furnace 10-16-02,05/26/2017,05/26/2017
1927,3884,Serviced Gas Furnace 10-16-02,05/26/2017,05/26/2017
1930,3886,Serviced Gas Furnace 10-16-02,05/26/2017,05/26/2017
1931,3887,Serviced Gas Furnace 10-17-02,05/26/2017,05/26/2017
1932,3888,Serviced gas Furnace 10-17-02,05/26/2017,05/26/2017
1935,3889,Serviced Hot Water Furnace 10-17-02,05/26/2017,05/26/2017
1935,3890,Serviced Hot Air Furnace 10-17-02,05/26/2017,05/26/2017
1940,3892,Serviced Gas Furnace 10-14-02,05/26/2017,05/26/2017
1940,3893,Serviced Acleaner 10-14-02,05/26/2017,05/26/2017
1941,3894,Serviced Gas Furnace 10-23-02,05/26/2017,05/26/2017
1941,3895,Serviced Acleaner 10-23-02,05/26/2017,05/26/2017
1941,3896,Serviced Humidifier 10-23-02,05/26/2017,05/26/2017
1942,3897,Serviced gas Furnace 10-21-02,05/26/2017,05/26/2017
1942,3898,Replaced Saddle Valve for Humidifier 10-21-02,05/26/2017,05/26/2017
1943,3899,Serviced Gas Furnace 10-22-02,05/26/2017,05/26/2017
1944,3900,"Serviced Gas Furnace 10-22-02
Installed a ignitor kit from round to flat 11-5-02",05/26/2017,05/26/2017
1947,11855,This is the shop showroom furnace originally installed on 3-21-11,05/26/2017,05/26/2017
1948,3901,Serviced Gas Furnace 10-19-02,05/26/2017,05/26/2017
1949,3902,Serviced Furnace 10-18-02,05/26/2017,05/26/2017
1950,3903,Serviced Gas Furnace 10-19-02,05/26/2017,05/26/2017
1951,3904,Serviced Gas Furnace 10-19-02,05/26/2017,05/26/2017
1953,3935,Replaced Roll-Out Switch for gas Furnace 10-28-02,05/26/2017,05/26/2017
1954,3905,"Mobile Home Burner 
Serviced Gas Furnace 10-23-02",05/26/2017,05/26/2017
1957,3914,Serviced Gas Furnace 10-29-02,05/26/2017,05/26/2017
1958,3915,Serviced Gas Furnace 11-1-02,05/26/2017,05/26/2017
1959,3917,Serviced Furnace 11-2-02 and Cleaned Flame Sensor.,05/26/2017,05/26/2017
1959,3918,Replaced Water Panel 11-2-02,05/26/2017,05/26/2017
1961,3919,Serviced Gas Boiler 10-28-02,05/26/2017,05/26/2017
1962,3920,Flame Sensor and Ignitor 10-29-02,05/26/2017,05/26/2017
1963,3921,Serviced Oil Furnace 10-30-02,05/26/2017,05/26/2017
1964,3922,Replaced Ignition Module and Serviced gas Furnace 10-30-02,05/26/2017,05/26/2017
1968,3924,"Serviced Gas Furnace  11-1-02
Invoice states there are cracks on the burner end plates.",05/26/2017,05/26/2017
1969,3925,Serviiced Oil Furnace 10-29-02,05/26/2017,05/26/2017
1970,3926,Repalced Thermocouple and Serviced 10-29-02,05/26/2017,05/26/2017
1972,3928,Adjusted Gas Pressure and Serviced 10-30-02,05/26/2017,05/26/2017
1972,3929,Serviced Furnace 10-30-02,05/26/2017,05/26/2017
1974,3930,Serviced Oil Furnace 10-31-02,05/26/2017,05/26/2017
1976,3932,Repair to Rooftop Heating & Cooling Unit 4-17-02,05/26/2017,05/26/2017
1977,3939,Replaced Blower Motor 10-24-02,05/26/2017,05/26/2017
1978,3940,Serviced Gas Furnace 10-28-02,05/26/2017,05/26/2017
1979,3942,"Replaced Gas Valve on GE Gas Furnace and 
Serviced 10-28-02",05/26/2017,05/26/2017
1980,3943,Serviced Gas Furnace 10-28-02,05/26/2017,05/26/2017
1980,3945,Checked Elec Air Cleaner 10-28-02,05/26/2017,05/26/2017
1981,3946,Serviced Gas Furnace 10-9-02,05/26/2017,05/26/2017
1983,3950,"Serviced Air Cleaner 10-24-02
Filter for Elec. Air Cleaner 11-12-02",05/26/2017,05/26/2017
1988,3967,Service to Gas Furnace 10-31-02,05/26/2017,05/26/2017
1992,3971,Serviced gas Furnace 11-6-02,05/26/2017,05/26/2017
1993,3972,Inspected Willamson  Pump System 7-22-02,05/26/2017,05/26/2017
1994,3973,Serviced Gas Furnace 11-6-02,05/26/2017,05/26/2017
1994,3974,Serviced Elec Air Cleaner 11-6-02,05/26/2017,05/26/2017
1995,3976,Serviced GE Furnace 11-11-02,05/26/2017,05/26/2017
1996,3977,Serviced Oil Furnace 11-8-02,05/26/2017,05/26/2017
1997,3978,Serviced Gas Furnace 11-5-02,05/26/2017,05/26/2017
1998,3979,Serviced Furnace 11-4-02,05/26/2017,05/26/2017
2001,4049,Serviced Oil Furnace 11-23-02,05/26/2017,05/26/2017
2003,4050,Serviced Gas Furnace 11-25-02,05/26/2017,05/26/2017
2005,4051,Serviced gas Furnace 11-26-02,05/26/2017,05/26/2017
2006,4052,Serviced Furnace 11-26-02,05/26/2017,05/26/2017
2010,4055,"No Heat, Bleed System of Air both Upstairs and down, Checked Expansion Tank 11-23-02",05/26/2017,05/26/2017
2010,15099,7 year on compressor,05/26/2017,05/26/2017
2012,4062,Replaced 24 Volt Transformer on gas furnace and Serviced 11-12-02,05/26/2017,05/26/2017
2013,4064,"We originally installed one 8/30/03 but failed.  The old model & serial # are: RXC031S3HPC0, 3295XM85G",05/26/2017,05/26/2017
2024,7423,"ADP coil goes with this air conditioner.
Mod #HE36260A200A000093",05/26/2017,05/26/2017
2026,4098,"Original tank Ser# 0403158447
Originally installed 6/18/2003",05/26/2017,05/26/2017
2122,4375,"Compressor Mod#:   CRHH075J0H00
                   Ser#:     0F07T0906
                  Part#:    433196231400
                Order#:    C23H21
                 Tag#:  9623-1400",05/26/2017,05/26/2017
2123,13988,"GRILLE  MODEL # SLP-15AAUW
                SERIAL # 28M0900

REMOTE  PAR-FL32MA

RECEIVING UNIT  PAR-FA32MA

PUMP  VCMA-15",05/26/2017,05/26/2017
2123,13990,"GRILLE  MODEL #SLP-15AAUW
               SERIAL # 24MO4450

REMOTE PAR-FL32MA

RECEIVING UNIT PAR-FA32MA

PUMP  VCMA-15",05/26/2017,05/26/2017
2123,13991,"GRILLE  MODEL# SLP-15AAUW
               SERIAL# 24MO4458

REMOTE PAR-FL32MA

RECEIVING UNIT  PAR-FA32MA

PUMP  VCMA-15",05/26/2017,05/26/2017
2123,13992,"GRILLE MODEL#  SLP-15AAUW
              SERIAL # 2XMOO934

REMOTE  PAR-FL32MA

RECEIVING UNIT  PAR-FA32MA

PUMP  VCMA-15",05/26/2017,05/26/2017
2123,16040,"SFTHATSWIFI  wifi skyport key
SFTHATSSEN  indoor sensor",05/26/2017,05/26/2017
2146,4452,replaced flame sensor 12-27-01,05/26/2017,05/26/2017
2305,10364,10 year parts warranty.,05/26/2017,05/26/2017
2348,5069,"Ducane Burner  DRC 10A
Honeywell Board  ST9103A-1002",05/26/2017,05/26/2017
2358,12062,GBG did not have the DSXC16036 so they substituted to the Amana.,05/26/2017,05/26/2017
2443,7084,"Originally installed new tank on 4/20/05.  Model # or old tank was 42V40S-40F, Serial # 0405514383.  New tank was replaced under warranty on 4/27/2007.",05/26/2017,05/26/2017
2490,8668,This furnace was installed under the Goodman furnace replacement program.,05/26/2017,05/26/2017
2598,6668,Lennox Ignitor Part # 41K5601,05/26/2017,05/26/2017
2693,16093,"Atlantic Ultraviolet 631-273-0500
Item #05-0727",05/26/2017,05/26/2017
2700,5687,"Catalog #  CC5AXA036017
Manufacturer #  2V781897",05/26/2017,05/26/2017
2746,5791,MFG# P1173604F,05/26/2017,05/26/2017
2746,8866,"MFG# P1205204C

Model # could be RCB36A24",05/26/2017,05/26/2017
2799,5883,MGF# P1208704F,05/26/2017,05/26/2017
2832,6141,6908M110312841,05/26/2017,05/26/2017
2849,5981,"Filter size: Small
Nozzle size: 85 - 80A",05/26/2017,05/26/2017
2874,6106,6.62E+11,05/26/2017,05/26/2017
2891,15846,This product was purchased thru Trane Supply,05/26/2017,05/26/2017
2901,6100,Mfg # P1242103F,05/26/2017,05/26/2017
2901,7282,Order # 7 703 331 896,05/26/2017,05/26/2017
2902,6103,"Mfg # P1229107F
PIC # 1204010305",05/26/2017,05/26/2017
2908,6120,P1203910C,05/26/2017,05/26/2017
2908,6121,P1241804F,05/26/2017,05/26/2017
2908,6123,P1223310C,05/26/2017,05/26/2017
2913,6131,"Originally coil model & serial #
Mod#  CHA24TSC
Ser# 9907207791
Replaced 5/22/06 due to unknown leak.",05/26/2017,05/26/2017
2951,6375,jeansand@juno.com,05/26/2017,05/26/2017
3003,6391,6.62E+11,05/26/2017,05/26/2017
3003,6392,6.62E+11,05/26/2017,05/26/2017
3014,6412,6.62E+11,05/26/2017,05/26/2017
3017,6424,4/20/07  Original unit replaced due to a manufacturer flaw in the refrigeration line.  Dale gave us a new unit to replace it.,05/26/2017,05/26/2017
3021,6543,6.62E+11,05/26/2017,05/26/2017
3033,6532,6.62E+11,05/26/2017,05/26/2017
3036,6471,10 KW,05/26/2017,05/26/2017
3045,6663,6.62E+11,05/26/2017,05/26/2017
3049,6503,"Lowboy, Installed 1996",05/26/2017,05/26/2017
3056,9682,Original unit installed 5/22/08.  No lemon warranty.,05/26/2017,05/26/2017
3060,11092,"Product # C7227512-12400

Warranty:
12 year heat exchanger
5 year parts",05/26/2017,05/26/2017
3063,6557,6.62E+11,05/26/2017,05/26/2017
3076,6593,MFG# P96521-T0F,05/26/2017,05/26/2017
3082,6603,6.62E+11,05/26/2017,05/26/2017
3082,6604,6.62E+11,05/26/2017,05/26/2017
3082,6605,6.62E+11,05/26/2017,05/26/2017
3082,6606,6.62E+11,05/26/2017,05/26/2017
3112,8660,Product # 398AAW048100AEBA,05/26/2017,05/26/2017
3132,6697,Product # 320AAZ060100AAKA,05/26/2017,05/26/2017
3155,6747,Series 100,05/26/2017,05/26/2017
3186,9221,"We installed a new coil to the existing air handler at the time the outdoor unit was installed, 1/5/2005",05/26/2017,05/26/2017
3188,6815,Prod # 394HAD036085AAJA,05/26/2017,05/26/2017
3248,6932,Mrs. Brentzel's son had another furnace installed while she was away.  We had found the crack in her original furnace.  She still wants us to come yearly to service.,05/26/2017,05/26/2017
3251,6940,"Air conditioner failed upon start up.  Replaced entire unit.
Old unit serial number was 4503XAC5F.",05/26/2017,05/26/2017
3251,6943,Johnstone Supply #L41-823 $179.55 8/21/12,05/26/2017,05/26/2017
3282,6998,Johnson Ignition Control G776RGD-11,05/26/2017,05/26/2017
3296,10593,"Product # 58MVP080-14114
Series 140",05/26/2017,05/26/2017
3331,10082,"Prod# 58WAV111-12112
Series 120",05/26/2017,05/26/2017
3347,9035,"Unit was replaced under the ""No Lemon"" policy.  The compressor was bad on the unit.  
Original model # GSC130241
Original serial # 0707473697",05/26/2017,05/26/2017
3366,7287,No programmable digital.,05/26/2017,05/26/2017
3380,11585,Manufactured in 1999,05/26/2017,05/26/2017
3394,7980,"5/29/08   Having furnace trouble, Scott and Paul went, found inducer stuck.  Moved shaft worked fine.  Did give a cost of 302.25 to replace (217.25 (ignitor and inducer) and 85 for labor.",05/26/2017,05/26/2017
3408,7431,Digital non-programmable  $85.00,05/26/2017,05/26/2017
3437,11090,"Product # C7227512-12400

Warranty: 12 year tank
5 year parts",05/26/2017,05/26/2017
3452,13105,This unit is located to the right of the back door into their lounge.,05/26/2017,05/26/2017
3469,7588,P1256809F   p number,05/26/2017,05/26/2017
3482,7618,Series: PWB-6D,05/26/2017,05/26/2017
3499,8422,This thermostat is for a second furnace.  10/23/06,05/26/2017,05/26/2017
3516,7691,131 Alwine.,05/26/2017,05/26/2017
3516,7692,133 Alwine,05/26/2017,05/26/2017
3601,7854,"1-3-15 Steve had good due to no heat, thought ignition board might be failing  Honeywell s890G hot surface ignition control now.",05/26/2017,05/26/2017
3619,11115,"Product # C7227512-12400

Warranty: 12 year parts
5 year heat exchanger",05/26/2017,05/26/2017
3698,8068,"AFG
Serial# 050912-70304",05/26/2017,05/26/2017
3707,8104,"Originally installed a GSC130241C, Serial # 0512222967 on 6/14/06.  Replaced it with a GSC130301 because it may have been undersized.",05/26/2017,05/26/2017
3725,10346,This furnace is for the original part of the home.,05/26/2017,05/26/2017
3738,10086,"NU Way White Rodgers oil Burner
Model FS-1-09
Serial 772-7957",05/26/2017,05/26/2017
3776,8320,"Original coil that was installed Mod# RXC037S3HPD0
Ser# 441414A56",05/26/2017,05/26/2017
3788,8351,342-96-E,05/26/2017,05/26/2017
3797,9915,This was changed from the Aprilaire 2stg stat due to the furnace short cycling.,05/26/2017,05/26/2017
3842,8473,"2/11/08  Replaced board and collector box cover  po#39-08
                SCES0110057-02 board
                311213-405  collector box",05/26/2017,05/26/2017
3863,8751,2nd Floor Unit,05/26/2017,05/26/2017
3863,8763,Downstairs unit,05/26/2017,05/26/2017
3863,10311,Downstairs outdoor unit replaced under NO LEMON.,05/26/2017,05/26/2017
3864,9047,Homeowner purchased this unit himself and we installed it.,05/26/2017,05/26/2017
3875,8543,Honeywell Board:  S86F  867 769434,05/26/2017,05/26/2017
3912,8620,"AFEVC
serial # 021001-56967
oil burner # PI-100001",05/26/2017,05/26/2017
3988,8745,"Unit originally installed was faulty.  The model and serial numbers for the original unit were:
Mod# GSH130301
Ser# 0609036025",05/26/2017,05/26/2017
3995,8774,Jeff bought this furnace for his garage.  This furnace was the one taken out of Mrs. Yates (Beech Street) home.  $350,05/26/2017,05/26/2017
3996,8776,This furnace is for their separate garage.,05/26/2017,05/26/2017
4016,8861,"Original unit installed with furnace was replaced with a larger sized unit.  The original unit Mod # SSX140241
Ser# 0703540580",05/26/2017,05/26/2017
4032,8916,6.62E+11,05/26/2017,05/26/2017
4032,8917,6.62E+11,05/26/2017,05/26/2017
4032,8918,6.62E+11,05/26/2017,05/26/2017
4035,16114,SFTHATSWIFI  Key; skyport wifi key for touch screen,05/26/2017,05/26/2017
4061,9158,Product #398AAW036080AFJA,05/26/2017,05/26/2017
4125,10822,Product # 58WAV075-101C,05/26/2017,05/26/2017
4130,9193,Furnace is 80%.,05/26/2017,05/26/2017
4205,9644,Unit is a used 6 month old unit.  9 1/2 years left on warranty.,05/26/2017,05/26/2017
4218,13664,2-16x25x1 air filters,05/26/2017,05/26/2017
4218,13666,2-16x25x1 air filters,05/26/2017,05/26/2017
4237,11639,Jim Duffy's wifes place 2nd floor first door on right.,05/26/2017,05/26/2017
4289,9547,Mfg 01/88,05/26/2017,05/26/2017
4307,11520,"566771
42,000 btu
gas nat
Rheem FVIR PV",05/26/2017,05/26/2017
4313,9614,Mfg # P1256703F,05/26/2017,05/26/2017
4425,11150,Manufacturing # NCA5030QKB1,05/26/2017,05/26/2017
4431,10023,"CAPF3131B6
0807708604",05/26/2017,05/26/2017
4468,10335,"10 year parts warranty.
If looking at the front of home, this furnace is to the right.",05/26/2017,05/26/2017
4468,10336,"10 year parts warranty.
If looking at the front of the home, this furnace is to the left.",05/26/2017,05/26/2017
4516,10183,This furnace does an addition in the home.,05/26/2017,05/26/2017
4529,10937,Part Number 64X36,05/26/2017,05/26/2017
4563,11078,"The previous furnace's heat exchanger failed and was unavailable to replace. Eastern supplied a new furnace, at no cost to the customer, in place of the old furnace. It given with no warranty.",05/26/2017,05/26/2017
4591,10337,10 year parts warranty.,05/26/2017,05/26/2017
4598,10358,New oil filter and expansion tank.,05/26/2017,05/26/2017
4629,10445,6.62E+11,05/26/2017,05/26/2017
4634,10453,8-22-02 Serviced and added 2 LB R-22,05/26/2017,05/26/2017
4644,10727,"Product # C7230512-12400
Serial # 953081000536
Model # ODW-199A

*this unit was replaced by a ODW-120 on 3/18/10. the current model & serial are that of the new unit
Product # C7227512-12400

12 year heat exchanger
5 year parts",05/26/2017,05/26/2017
4669,10561,"Old Model # ASX180361
Old Serial # 0806223755",05/26/2017,05/26/2017
4709,10698,"2-12x20x1 filters
8-20x25x1 filters
2-16x25x1 filters",05/26/2017,05/26/2017
4719,12254,4-16x20x2 filters,05/26/2017,05/26/2017
4791,10892,"Peirce Phelps Tempstar Supplier
United refrigeration was also able to get parts for this!",05/26/2017,05/26/2017
4801,10911,P1106302F,05/26/2017,05/26/2017
4845,10984,"Model: 2821302S
Serial: 0910153377
Heat Exchanger - installed 1/15/10
Scott",05/26/2017,05/26/2017
4846,10988,"Oil Burner:
Model Number: WL6202
Customer Part Number: 386-700-392
Production Line: 5011 009101599742",05/26/2017,05/26/2017
4860,11016,Product Number: 394GAW036100 ADEA,05/26/2017,05/26/2017
4889,11722,"Tubular heat exchanger, spark ignition.",05/26/2017,05/26/2017
4904,11106,Model Number is either ELD or ELO - cannot tell.,05/26/2017,05/26/2017
4909,11128,We did not Install,05/26/2017,05/26/2017
4909,11129,We did not install,05/26/2017,05/26/2017
4922,11223,Lifetime Heat Exchanger Warranty,05/26/2017,05/26/2017
4922,11225,10 Year Compressor Warranty,05/26/2017,05/26/2017
4974,15103,1-year compressor,05/26/2017,05/26/2017
5028,11752,Unit replaced due to continuous issues. 4/6/11,05/26/2017,05/26/2017
5109,11884,MFG# NCH3018QKA1,05/26/2017,05/26/2017
5187,11802,Product # 58PAV090-18114,05/26/2017,05/26/2017
5210,11872,Replacement bulb #46365402,05/26/2017,05/26/2017
5210,11873,Filter # 255649-002C,05/26/2017,05/26/2017
5259,12011,This is a thru the wall unit.,05/26/2017,05/26/2017
5269,12048,Mfg. Number 0270F00328,05/26/2017,05/26/2017
5464,12664,Manufacturer # P1256809F,05/26/2017,05/26/2017
5548,15740,We only used the coil not the case.  We kept his original air handler.,05/26/2017,05/26/2017
5684,14074,"Wayne Burner MSR
Dongan Oil Transformer LJH-90A",05/26/2017,05/26/2017
5716,13519,Has the Beckett Genisys Control 7505BU,05/26/2017,05/26/2017
5832,13842,This unit has a Honeywell Smart Valve #SV9541M2094 with the mini honeywell ignitor.,05/26/2017,05/26/2017
5958,15322,Aprilaire 600 Automatic with digital humidistate and outdoor temperature control,05/26/2017,05/26/2017
5979,14679,This furnace has been converted to use a 120v ignitor (#IGN00152),05/26/2017,05/26/2017
6119,14674,Pump # A2VA-7116 r.h. rotation 3450 rpm,05/26/2017,05/26/2017
6211,14877,Installed by Scott and Zeb,05/26/2017,05/26/2017
6426,15659,"4-25x25x2
2-16x25x2",05/26/2017,05/26/2017
6426,15660,"3-20x25x2
1-15x25x2",05/26/2017,05/26/2017
6432,15482,"4- Honeywell Zone Valves
4-Aprilaire Digital Non Programmable Thermostats",05/26/2017,05/26/2017
6515,15654,P1256809F,05/26/2017,05/26/2017
6578,15829,P1207604F,05/26/2017,05/26/2017
